Row, Timestamp, Series 1, Series 2, Series 4, Series 5, Series 6
0,0.3, , , ,242,3063
1,0.31, , , ,242,3063
2,0.32, , , ,242,3062
3,0.33, , , ,242,3063
4,0.34, , , ,242,3063
5,0.35, , , ,242,3062
6,0.36, , , ,242,3061
7,0.37, , , ,242,3063
8,0.38, , , ,242,3062
9,0.39, , , ,242,3063
10,0.4, , , ,242,3063
11,0.41, , , ,242,3063
12,0.42, , , ,242,3062
13,0.43, , , ,242,3063
14,0.44, , , ,242,3062
15,0.45, , , ,242,3063
16,0.46, , , ,242,3063
17,0.47, , , ,242,3064
18,0.48, , , ,242,3062
19,0.49, , , ,242,3062
20,0.5, , , ,242,3062
21,0.51, , , ,242,3064
22,0.52, , , ,242,3062
23,0.53, , , ,242,3062
24,0.54, , , ,242,3063
25,0.55, , , ,242,3063
26,0.56, , , ,242,3062
27,0.57, , , ,242,3062
28,0.58, , , ,242,3063
29,0.59, , , ,242,3062
30,0.6, , , ,242,3064
31,0.61, , , ,242,3063
32,0.62, , , ,242,3064
33,0.63, , , ,242,3063
34,0.64, , , ,242,3062
35,0.65, , , ,242,3062
36,0.66, , , ,242,3061
37,0.67, , , ,242,3063
38,0.68, , , ,242,3062
39,0.69, , , ,242,3062
40,0.7, , , ,242,3062
41,0.71, , , ,242,3063
42,0.72, , , ,242,3062
43,0.73, , , ,242,3062
44,0.74, , , ,242,3063
45,0.75, , , ,242,3062
46,0.76, , , ,242,3064
47,0.77, , , ,242,3062
48,0.78, , , ,242,3063
49,0.79, , , ,242,3062
50,0.8, , , ,242,3062
51,0.81, , , ,242,3062
52,0.82, , , ,242,3063
53,0.83, , , ,242,3063
54,0.84, , , ,242,3063
55,0.85, , , ,242,3063
56,0.86, , , ,242,3063
57,0.87, , , ,242,3063
58,0.88, , , ,242,3062
59,0.89, , , ,242,3063
60,0.9, , , ,242,3063
61,0.91, , , ,242,3061
62,0.92, , , ,242,3062
63,0.93, , , ,242,3063
64,0.94, , , ,242,3064
65,0.95, , , ,242,3064
66,0.96, , , ,242,3062
67,0.97, , , ,242,3063
68,0.98, , , ,242,3062
69,0.99, , , ,242,3062
70,1, , , ,242,3063
71,1.01, , , ,242,3063
72,1.02, , , ,242,3063
73,1.03, , , ,242,3061
74,1.04, , , ,242,3063
75,1.05, , , ,242,3061
76,1.06, , , ,242,3062
77,1.07, , , ,242,3063
78,1.08, , , ,242,3063
79,1.09, , , ,242,3062
80,1.1, , , ,242,3062
81,1.11, , , ,242,3063
82,1.12, , , ,242,3062
83,1.13, , , ,242,3061
84,1.14, , , ,242,3064
85,1.15, , , ,242,3061
86,1.16, , , ,242,3061
87,1.17, , , ,242,3061
88,1.18, , , ,242,3063
89,1.19, , , ,242,3062
90,1.2, , , ,242,3062
91,1.21, , , ,242,3063
92,1.22, , , ,242,3062
93,1.23, , , ,242,3064
94,1.24, , , ,242,3062
95,1.25, , , ,242,3062
96,1.26, , , ,242,3062
97,1.27, , , ,242,3062
98,1.28, , , ,242,3064
99,1.29, , , ,242,3063
100,1.3, , , ,242,3061
101,1.31, , , ,242,3062
102,1.32, , , ,242,3063
103,1.33, , , ,242,3062
104,1.34, , , ,242,3062
105,1.35, , , ,242,3063
106,1.36, , , ,242,3063
107,1.37, , , ,242,3062
108,1.38, , , ,242,3063
109,1.39, , , ,242,3064
110,1.4, , , ,242,3062
111,1.41, , , ,242,3063
112,1.42, , , ,242,3063
113,1.43, , , ,242,3062
114,1.44, , , ,242,3061
115,1.45, , , ,242,3062
116,1.46, , , ,242,3063
117,1.47, , , ,242,3062
118,1.48, , , ,242,3062
119,1.49, , , ,242,3063
120,1.5, , , ,242,3062
121,1.51, , , ,242,3063
122,1.52, , , ,242,3062
123,1.53, , , ,242,3063
124,1.54, , , ,242,3062
125,1.55, , , ,242,3062
126,1.56, , , ,242,3063
127,1.57, , , ,242,3063
128,1.58, , , ,242,3063
129,1.59, , , ,242,3063
130,1.6, , , ,242,3062
131,1.61, , , ,242,3062
132,1.62, , , ,242,3063
133,1.63, , , ,242,3062
134,1.64, , , ,242,3063
135,1.65, , , ,242,3062
136,1.66, , , ,242,3063
137,1.67, , , ,242,3062
138,1.68, , , ,242,3063
139,1.69, , , ,242,3064
140,1.7, , , ,242,3062
141,1.71, , , ,242,3061
142,1.72, , , ,242,3063
143,1.73, , , ,242,3062
144,1.74, , , ,242,3064
145,1.75, , , ,242,3062
146,1.76, , , ,242,3063
147,1.77, , , ,242,3062
148,1.78, , , ,242,3064
149,1.79, , , ,242,3063
150,1.8, , , ,242,3063
151,1.81, , , ,242,3063
152,1.82, , , ,242,3062
153,1.83, , , ,242,3063
154,1.84, , , ,242,3064
155,1.85, , , ,242,3063
156,1.86, , , ,242,3063
157,1.87, , , ,242,3063
158,1.88, , , ,242,3064
159,1.89, , , ,242,3063
160,1.9, , , ,242,3063
161,1.91, , , ,242,3063
162,1.92, , , ,242,3063
163,1.93, , , ,242,3064
164,1.94, , , ,242,3064
165,1.95, , , ,242,3062
166,1.96, , , ,242,3062
167,1.97, , , ,242,3061
168,1.98, , , ,242,3061
169,1.99, , , ,242,3063
170,2, , , ,242,3062
171,2.01, , , ,242,3062
172,2.02, , , ,242,3064
173,2.03, , , ,242,3062
174,2.04, , , ,242,3062
175,2.05, , , ,242,3063
176,2.06, , , ,242,3063
177,2.07, , , ,242,3062
178,2.08, , , ,242,3063
179,2.09, , , ,242,3062
180,2.1, , , ,242,3063
181,2.11, , , ,242,3062
182,2.12, , , ,242,3062
183,2.13, , , ,242,3064
184,2.14, , , ,242,3063
185,2.15, , , ,242,3062
186,2.16, , , ,242,3061
187,2.17, , , ,242,3063
188,2.18, , , ,242,3062
189,2.19, , , ,242,3062
190,2.2, , , ,242,3063
191,2.21, , , ,242,3063
192,2.22, , , ,242,3062
193,2.23, , , ,242,3062
194,2.24, , , ,242,3063
195,2.25, , , ,242,3062
196,2.26, , , ,242,3062
197,2.27, , , ,242,3064
198,2.28, , , ,242,3062
199,2.29, , , ,242,3063
200,2.3, , , ,242,3062
201,2.31, , , ,242,3063
202,2.32, , , ,242,3063
203,2.33, , , ,242,3062
204,2.34, , , ,242,3063
205,2.35, , , ,242,3063
206,2.36, , , ,242,3062
207,2.37, , , ,242,3062
208,2.38, , , ,242,3063
209,2.39, , , ,242,3063
210,2.4, , , ,242,3063
211,2.41, , , ,242,3063
212,2.42, , , ,242,3063
213,2.43, , , ,242,3063
214,2.44, , , ,242,3062
215,2.45, , , ,242,3064
216,2.46, , , ,242,3063
217,2.47, , , ,242,3063
218,2.48, , , ,242,3064
219,2.49, , , ,242,3064
220,2.5, , , ,242,3062
221,2.51, , , ,242,3062
222,2.52, , , ,242,3063
223,2.53, , , ,242,3064
224,2.54, , , ,242,3064
225,2.55, , , ,242,3063
226,2.56, , , ,242,3063
227,2.57, , , ,242,3064
228,2.58, , , ,242,3062
229,2.59, , , ,242,3064
230,2.6, , , ,242,3063
231,2.61, , , ,242,3062
232,2.62, , , ,242,3064
233,2.63, , , ,242,3063
234,2.64, , , ,242,3062
235,2.65, , , ,242,3062
236,2.66, , , ,242,3063
237,2.67, , , ,242,3063
238,2.68, , , ,242,3063
239,2.69, , , ,242,3063
240,2.7, , , ,242,3063
241,2.71, , , ,242,3064
242,2.72, , , ,242,3063
243,2.73, , , ,242,3063
244,2.74, , , ,242,3063
245,2.75, , , ,242,3063
246,2.76, , , ,242,3063
247,2.77, , , ,242,3063
248,2.78, , , ,242,3064
249,2.79, , , ,242,3063
250,2.8, , , ,242,3063
251,2.81, , , ,242,3064
252,2.82, , , ,242,3064
253,2.83, , , ,242,3063
254,2.84, , , ,242,3063
255,2.85, , , ,242,3063
256,2.86, , , ,242,3063
257,2.87, , , ,242,3063
258,2.88, , , ,242,3063
259,2.89, , , ,242,3061
260,2.9, , , ,242,3061
261,2.91, , , ,242,3061
262,2.92, , , ,242,3061
263,2.93, , , ,242,3059
264,2.94, , , ,242,3059
265,2.95, , , ,242,3059
266,2.96, , , ,242,3058
267,2.97, , , ,242,3059
268,2.98, , , ,242,3056
269,2.99, , , ,242,3054
270,3, , , ,242,3052
271,3.01, , , ,242,3050
272,3.02, , , ,242,3046
273,3.03, , , ,242,3044
274,3.04, , , ,242,3043
275,3.05, , , ,242,3040
276,3.06, , , ,242,3037
277,3.07, , , ,242,3031
278,3.08, , , ,242,3026
279,3.09, , , ,242,3020
280,3.1, , , ,242,3010
281,3.11, , , ,242,3000
282,3.12, , , ,242,2988
283,3.13, , , ,242,2974
284,3.14, , , ,242,2956
285,3.15, , , ,242,2934
286,3.16, , , ,242,2906
287,3.17, , , ,242,2867
288,3.18, , , ,242,2803
289,3.19, , , ,242,2693
290,3.2, , , ,242,2467
291,3.21, , , ,242,1901
292,3.22, , , ,242,1085
293,3.23, , , ,242,1171
294,3.24, , , ,242,686
295,3.25, , , ,242,508
296,3.26, , , ,242,276
297,3.27, , , ,242,218
298,3.28, , , ,242,253
299,3.29, , , ,242,294
300,3.3, , , ,242,340
301,3.31, , , ,242,359
302,3.32, , , ,242,343
303,3.33, , , ,242,294
304,3.34, , , ,242,248
305,3.35, , , ,242,228
306,3.36, , , ,242,229
307,3.37, , , ,242,234
308,3.38, , , ,242,230
309,3.39, , , ,242,223
310,3.4, , , ,242,224
311,3.41, , , ,242,222
312,3.42, , , ,242,223
313,3.43, , , ,242,223
314,3.44, , , ,242,224
315,3.45, , , ,242,224
316,3.46, , , ,242,224
317,3.47, , , ,242,225
318,3.48, , , ,242,225
319,3.49, , , ,242,224
320,3.5, , , ,242,225
321,3.51, , , ,242,225
322,3.52, , , ,242,224
323,3.53, , , ,242,225
324,3.54, , , ,242,225
325,3.55, , , ,242,224
326,3.56, , , ,242,225
327,3.57, , , ,242,225
328,3.58, , , ,242,225
329,3.59, , , ,242,225
330,3.6, , , ,242,225
331,3.61, , , ,242,224
332,3.62, , , ,242,225
333,3.63, , , ,242,224
334,3.64, , , ,242,224
335,3.65, , , ,242,224
336,3.66, , , ,242,225
337,3.67, , , ,242,225
338,3.68, , , ,242,224
339,3.69, , , ,242,224
340,3.7, , , ,242,225
341,3.71, , , ,242,224
342,3.72, , , ,242,225
343,3.73, , , ,242,225
344,3.74, , , ,242,224
345,3.75, , , ,242,225
346,3.76, , , ,242,224
347,3.77, , , ,242,224
348,3.78, , , ,242,224
349,3.79, , , ,242,225
350,3.8, , , ,242,225
351,3.81, , , ,242,225
352,3.82, , , ,242,225
353,3.83, , , ,242,224
354,3.84, , , ,242,224
355,3.85, , , ,242,224
356,3.86, , , ,242,224
357,3.87, , , ,242,224
358,3.88, , , ,242,225
359,3.89, , , ,242,225
360,3.9, , , ,242,225
361,3.91, , , ,242,225
362,3.92, , , ,242,225
363,3.93, , , ,242,225
364,3.94, , , ,242,224
365,3.95, , , ,242,225
366,3.96, , , ,242,224
367,3.97, , , ,242,224
368,3.98, , , ,242,224
369,3.99, , , ,242,224
370,4, , , ,242,225
371,4.01, , , ,242,224
372,4.02, , , ,242,225
373,4.03, , , ,242,224
374,4.04, , , ,242,225
375,4.05, , , ,242,224
376,4.06, , , ,242,225
377,4.07, , , ,242,224
378,4.08, , , ,242,224
379,4.09, , , ,242,224
380,4.1, , , ,242,225
381,4.11, , , ,242,225
382,4.12, , , ,242,224
383,4.13, , , ,242,225
384,4.14, , , ,242,225
385,4.15, , , ,242,225
386,4.16, , , ,242,225
387,4.17, , , ,242,225
388,4.18, , , ,242,225
389,4.19, , , ,242,224
390,4.2, , , ,242,225
391,4.21, , , ,242,224
392,4.22, , , ,242,224
393,4.23, , , ,242,224
394,4.24, , , ,242,224
395,4.25, , , ,242,224
396,4.26, , , ,242,224
397,4.27, , , ,242,224
398,4.28, , , ,242,225
399,4.29, , , ,242,224
400,4.3, , , ,242,225
401,4.31, , , ,242,224
402,4.32, , , ,242,224
403,4.33, , , ,242,225
404,4.34, , , ,242,225
405,4.35, , , ,242,224
406,4.36, , , ,242,224
407,4.37, , , ,242,225
408,4.38, , , ,242,225
409,4.39, , , ,242,223
410,4.4, , , ,242,225
411,4.41, , , ,242,224
412,4.42, , , ,242,224
413,4.43, , , ,242,225
414,4.44, , , ,242,224
415,4.45, , , ,242,224
416,4.46, , , ,242,224
417,4.47, , , ,242,225
418,4.48, , , ,242,225
419,4.49, , , ,242,224
420,4.5, , , ,242,224
421,4.51, , , ,242,224
422,4.52, , , ,242,225
423,4.53, , , ,242,224
424,4.54, , , ,242,224
425,4.55, , , ,242,224
426,4.56, , , ,242,224
427,4.57, , , ,242,224
428,4.58, , , ,242,225
429,4.59, , , ,242,224
430,4.6, , , ,242,225
431,4.61, , , ,242,225
432,4.62, , , ,242,225
433,4.63, , , ,242,225
434,4.64, , , ,242,224
435,4.65, , , ,242,225
436,4.66, , , ,242,225
437,4.67, , , ,242,224
438,4.68, , , ,242,224
439,4.69, , , ,242,224
440,4.7, , , ,242,224
441,4.71, , , ,242,224
442,4.72, , , ,242,225
443,4.73, , , ,242,224
444,4.74, , , ,242,224
445,4.75, , , ,242,224
446,4.76, , , ,242,224
447,4.77, , , ,242,224
448,4.78, , , ,242,224
449,4.79, , , ,242,225
450,4.8, , , ,242,225
451,4.81, , , ,242,225
452,4.82, , , ,242,224
453,4.83, , , ,242,224
454,4.84, , , ,242,225
455,4.85, , , ,242,225
456,4.86, , , ,242,224
457,4.87, , , ,242,224
458,4.88, , , ,242,225
459,4.89, , , ,242,224
460,4.9, , , ,242,224
461,4.91, , , ,242,225
462,4.92, , , ,242,224
463,4.93, , , ,242,224
464,4.94, , , ,242,225
465,4.95, , , ,242,224
466,4.96, , , ,242,225
467,4.97, , , ,242,224
468,4.98, , , ,242,225
469,4.99, , , ,242,224
470,5, , , ,242,224
471,5.01, , , ,242,225
472,5.02, , , ,242,225
473,5.03, , , ,242,224
474,5.04, , , ,242,224
475,5.05, , , ,242,225
476,5.06, , , ,242,224
477,5.07, , , ,242,225
478,5.08, , , ,242,224
479,5.09, , , ,242,224
480,5.1, , , ,242,224
481,5.11, , , ,242,225
482,5.12, , , ,242,225
483,5.13, , , ,242,224
484,5.14, , , ,242,225
485,5.15, , , ,242,224
486,5.16, , , ,242,224
487,5.17, , , ,242,224
488,5.18, , , ,242,224
489,5.19, , , ,242,225
490,5.2, , , ,242,223
491,5.21, , , ,242,224
492,5.22, , , ,242,225
493,5.23, , , ,242,225
494,5.24, , , ,242,225
495,5.25, , , ,242,224
496,5.26, , , ,242,225
497,5.27, , , ,242,225
498,5.28, , , ,242,224
499,5.29, , , ,242,224
500,5.3, , , ,242,224
501,5.31, , , ,242,224
502,5.32, , , ,242,225
503,5.33, , , ,242,224
504,5.34, , , ,242,224
505,5.35, , , ,242,224
506,5.36, , , ,242,224
507,5.37, , , ,242,225
508,5.38, , , ,242,224
509,5.39, , , ,242,224
510,5.4, , , ,242,224
511,5.41, , , ,242,225
512,5.42, , , ,242,225
513,5.43, , , ,242,224
514,5.44, , , ,242,224
515,5.45, , , ,242,225
516,5.46, , , ,242,224
517,5.47, , , ,242,225
518,5.48, , , ,242,224
519,5.49, , , ,242,225
520,5.5, , , ,242,225
521,5.51, , , ,242,224
522,5.52, , , ,242,224
523,5.53, , , ,242,225
524,5.54, , , ,242,225
525,5.55, , , ,242,224
526,5.56, , , ,242,225
527,5.57, , , ,242,225
528,5.58, , , ,242,224
529,5.59, , , ,242,224
530,5.6, , , ,242,224
531,5.61, , , ,242,224
532,5.62, , , ,242,225
533,5.63, , , ,242,224
534,5.64, , , ,242,224
535,5.65, , , ,242,224
536,5.66, , , ,242,224
537,5.67, , , ,242,224
538,5.68, , , ,242,225
539,5.69, , , ,242,224
540,5.7, , , ,242,225
541,5.71, , , ,242,224
542,5.72, , , ,242,224
543,5.73, , , ,242,225
544,5.74, , , ,242,224
545,5.75, , , ,242,224
546,5.76, , , ,242,225
547,5.77, , , ,242,224
548,5.78, , , ,242,225
549,5.79, , , ,242,224
550,5.8, , , ,242,225
551,5.81, , , ,242,224
552,5.82, , , ,242,224
553,5.83, , , ,242,224
554,5.84, , , ,242,224
555,5.85, , , ,242,224
556,5.86, , , ,242,224
557,5.87, , , ,242,224
558,5.88, , , ,242,224
559,5.89, , , ,242,224
560,5.9, , , ,242,224
561,5.91, , , ,242,224
562,5.92, , , ,242,225
563,5.93, , , ,242,224
564,5.94, , , ,242,224
565,5.95, , , ,242,225
566,5.96, , , ,242,224
567,5.97, , , ,242,224
568,5.98, , , ,242,224
569,5.99, , , ,242,224
570,6, , , ,242,225
571,6.01, , , ,242,224
572,6.02, , , ,242,225
573,6.03, , , ,242,224
574,6.04, , , ,242,224
575,6.05, , , ,242,225
576,6.06, , , ,242,225
577,6.07, , , ,242,224
578,6.08, , , ,242,224
579,6.09, , , ,242,225
580,6.1, , , ,242,224
581,6.11, , , ,242,224
582,6.12, , , ,242,224
583,6.13, , , ,242,224
584,6.14, , , ,242,225
585,6.15, , , ,242,224
586,6.16, , , ,242,224
587,6.17, , , ,242,225
588,6.18, , , ,242,224
589,6.19, , , ,242,224
590,6.2, , , ,242,225
591,6.21, , , ,242,224
592,6.22, , , ,242,224
593,6.23, , , ,242,224
594,6.24, , , ,242,225
595,6.25, , , ,242,224
596,6.26, , , ,242,225
597,6.27, , , ,242,224
598,6.28, , , ,242,224
599,6.29, , , ,242,224
600,6.3, , , ,242,225
601,6.31, , , ,242,224
602,6.32, , , ,242,224
603,6.33, , , ,242,224
604,6.34, , , ,242,225
605,6.35, , , ,242,224
606,6.36, , , ,242,224
607,6.37, , , ,242,224
608,6.38, , , ,242,224
609,6.39, , , ,242,225
610,6.4, , , ,242,224
611,6.41, , , ,242,225
612,6.42, , , ,242,225
613,6.43, , , ,242,224
614,6.44, , , ,242,225
615,6.45, , , ,242,224
616,6.46, , , ,242,225
617,6.47, , , ,242,224
618,6.48, , , ,242,224
619,6.49, , , ,242,225
620,6.5, , , ,242,224
621,6.51, , , ,242,224
622,6.52, , , ,242,224
623,6.53, , , ,242,224
624,6.54, , , ,242,224
625,6.55, , , ,242,225
626,6.56, , , ,242,224
627,6.57, , , ,242,224
628,6.58, , , ,242,224
629,6.59, , , ,242,225
630,6.6, , , ,242,224
631,6.61, , , ,242,224
632,6.62, , , ,242,224
633,6.63, , , ,242,224
634,6.64, , , ,242,225
635,6.65, , , ,242,224
636,6.66, , , ,242,224
637,6.67, , , ,242,225
638,6.68, , , ,242,224
639,6.69, , , ,242,224
640,6.7, , , ,242,224
641,6.71, , , ,242,225
642,6.72, , , ,242,224
643,6.73, , , ,242,224
644,6.74, , , ,242,224
645,6.75, , , ,242,224
646,6.76, , , ,242,224
647,6.77, , , ,242,224
648,6.78, , , ,242,224
649,6.79, , , ,242,224
650,6.8, , , ,242,224
651,6.81, , , ,242,224
652,6.82, , , ,242,224
653,6.83, , , ,242,224
654,6.84, , , ,242,224
655,6.85, , , ,242,224
656,6.86, , , ,242,224
657,6.87, , , ,242,224
658,6.88, , , ,242,224
659,6.89, , , ,242,224
660,6.9, , , ,242,225
661,6.91, , , ,242,224
662,6.92, , , ,242,224
663,6.93, , , ,242,224
664,6.94, , , ,242,224
665,6.95, , , ,242,224
666,6.96, , , ,242,224
667,6.97, , , ,242,224
668,6.98, , , ,242,224
669,6.99, , , ,242,224
670,7, , , ,242,224
671,7.01, , , ,242,224
672,7.02, , , ,242,224
673,7.03, , , ,242,224
674,7.04, , , ,242,224
675,7.05, , , ,242,224
676,7.06, , , ,242,225
677,7.07, , , ,242,224
678,7.08, , , ,242,224
679,7.09, , , ,242,224
680,7.1, , , ,242,224
681,7.11, , , ,242,224
682,7.12, , , ,242,224
683,7.13, , , ,242,224
684,7.14, , , ,242,224
685,7.15, , , ,242,224
686,7.16, , , ,242,224
687,7.17, , , ,242,224
688,7.18, , , ,242,224
689,7.19, , , ,242,224
690,7.2, , , ,242,224
691,7.21, , , ,242,224
692,7.22, , , ,242,225
693,7.23, , , ,242,224
694,7.24, , , ,242,224
695,7.25, , , ,242,224
696,7.26, , , ,242,224
697,7.27, , , ,242,224
698,7.28, , , ,242,224
699,7.29, , , ,242,225
700,7.3, , , ,242,224
701,7.31, , , ,242,224
702,7.32, , , ,242,224
703,7.33, , , ,242,224
704,7.34, , , ,242,224
705,7.35, , , ,242,224
706,7.36, , , ,242,224
707,7.37, , , ,242,224
708,7.38, , , ,242,224
709,7.39, , , ,242,224
710,7.4, , , ,242,224
711,7.41, , , ,242,224
712,7.42, , , ,242,224
713,7.43, , , ,242,224
714,7.44, , , ,242,224
715,7.45, , , ,242,225
716,7.46, , , ,242,224
717,7.47, , , ,242,224
718,7.48, , , ,242,225
719,7.49, , , ,242,225
720,7.5, , , ,242,224
721,7.51, , , ,242,224
722,7.52, , , ,242,224
723,7.53, , , ,242,225
724,7.54, , , ,242,224
725,7.55, , , ,242,224
726,7.56, , , ,242,224
727,7.57, , , ,242,224
728,7.58, , , ,242,224
729,7.59, , , ,242,224
730,7.6, , , ,242,224
731,7.61, , , ,242,225
732,7.62, , , ,242,224
733,7.63, , , ,242,224
734,7.64, , , ,242,224
735,7.65, , , ,242,224
736,7.66, , , ,242,224
737,7.67, , , ,242,224
738,7.68, , , ,242,224
739,7.69, , , ,242,224
740,7.7, , , ,242,224
741,7.71, , , ,242,224
742,7.72, , , ,242,224
743,7.73, , , ,242,224
744,7.74, , , ,242,225
745,7.75, , , ,242,224
746,7.76, , , ,242,224
747,7.77, , , ,242,223
748,7.78, , , ,242,225
749,7.79, , , ,242,225
750,7.8, , , ,242,224
751,7.81, , , ,242,224
752,7.82, , , ,242,224
753,7.83, , , ,242,224
754,7.84, , , ,242,224
755,7.85, , , ,242,224
756,7.86, , , ,242,225
757,7.87, , , ,242,224
758,7.88, , , ,242,224
759,7.89, , , ,242,224
760,7.9, , , ,242,225
761,7.91, , , ,242,225
762,7.92, , , ,242,224
763,7.93, , , ,242,224
764,7.94, , , ,242,224
765,7.95, , , ,242,224
766,7.96, , , ,242,225
767,7.97, , , ,242,224
768,7.98, , , ,242,224
769,7.99, , , ,242,224
770,8, , , ,242,224
771,8.01, , , ,242,224
772,8.02, , , ,242,225
773,8.03, , , ,242,224
774,8.04, , , ,242,224
775,8.05, , , ,242,224
776,8.06, , , ,242,224
777,8.07, , , ,242,225
778,8.08, , , ,242,224
779,8.28, , , ,242,246
780,8.29, , , ,242,510
781,8.3, , , ,242,930
782,8.31, , , ,242,1308
783,8.32, , , ,242,1582
784,8.33, , , ,242,1710
785,8.34, , , ,242,1636
786,8.35, , , ,242,1300
787,8.36, , , ,242,557
788,8.37, , , ,242,662
789,8.38, , , ,242,423
790,8.39, , , ,242,372
791,8.4, , , ,242,353
792,8.41, , , ,244,309
793,8.42, , , ,248,264
794,8.43, , , ,252,230
795,8.44, , , ,256,219
796,8.45, , , ,260,223
797,8.46, , , ,264,224
798,8.47, , , ,268,224
799,8.48, , , ,272,222
800,8.49, , , ,276,221
801,8.5, , , ,280,220
802,8.51, , , ,284,221
803,8.52, , , ,288,222
804,8.53, , , ,292,223
805,8.54, , , ,296,224
806,8.55, , , ,299,224
807,8.56, , , ,303,224
808,8.57, , , ,306,222
809,8.58, , , ,310,223
810,8.59, , , ,314,222
811,8.6, , , ,318,222
812,8.61, , , ,321,222
813,8.62, , , ,325,222
814,8.63, , , ,328,222
815,8.64, , , ,332,222
816,8.65, , , ,336,222
817,8.66, , , ,339,222
818,8.67, , , ,342,222
819,8.68, , , ,346,222
820,8.69, , , ,349,222
821,8.7, , , ,352,222
822,8.71, , , ,356,222
823,8.72, , , ,358,222
824,8.73, , , ,362,222
825,8.74, , , ,365,222
826,8.75, , , ,368,222
827,8.76, , , ,371,222
828,8.77, , , ,374,220
829,8.78, , , ,377,222
830,8.79, , , ,380,222
831,8.8, , , ,384,222
832,8.81, , , ,421,223
833,8.82, , , ,404,1906
834,8.83, , , ,408,3018
835,8.84, , , ,410,3030
836,8.85, , , ,416,3024
837,8.86, , , ,420,3029
838,8.87, , , ,420,3026
839,8.88, , , ,421,3017
840,8.89, , , ,421,3021
841,9.09, , , ,495,3049
842,9.1, , , ,500,3050
843,9.11, , , ,506,3051
844,9.12, , , ,512,3053
845,9.13, , , ,517,3054
846,9.14, , , ,522,3056
847,9.15, , , ,527,3056
848,9.16, , , ,532,3057
849,9.17, , , ,538,3056
850,9.18, , , ,543,3055
851,9.19, , , ,548,3052
852,9.2, , , ,553,3051
853,9.21, , , ,558,3046
854,9.22, , , ,562,3045
855,9.23, , , ,568,3041
856,9.24, , , ,572,3037
857,9.25, , , ,577,3032
858,9.26, , , ,582,3025
859,9.27, , , ,586,3013
860,9.28, , , ,590,2992
861,9.29, , , ,595,2965
862,9.3, , , ,600,2929
863,9.31, , , ,604,2875
864,9.32, , , ,608,2793
865,9.33, , , ,612,2654
866,9.34, , , ,616,2394
867,9.35, , , ,621,2161
868,9.36, , , ,624,1837
869,9.37, , , ,628,1336
870,9.38, , , ,632,853
871,9.39, , , ,636,232
872,9.4, , , ,640,224
873,9.41, , , ,644,798
874,9.42, , , ,648,1047
875,9.43, , , ,652,953
876,9.44, , , ,656,1138
877,9.45, , , ,659,1052
878,9.46, , , ,663,943
879,9.47, , , ,666,740
880,9.48, , , ,670,517
881,9.49, , , ,674,342
882,9.5, , , ,677,242
883,9.51, , , ,680,230
884,9.52, , , ,684,237
885,9.53, , , ,688,248
886,9.54, , , ,691,261
887,9.55, , , ,694,266
888,9.56, , , ,698,265
889,9.57, , , ,701,253
890,9.58, , , ,704,237
891,9.59, , , ,708,224
892,9.6, , , ,710,220
893,9.61, , , ,714,225
894,9.62, , , ,716,228
895,9.63, , , ,720,230
896,9.64, , , ,722,228
897,9.65, , , ,726,227
898,9.66, , , ,728,222
899,9.67, , , ,732,221
900,9.68, , , ,734,221
901,9.69, , , ,738,221
902,9.7, , , ,741,221
903,9.71, , , ,744,221
904,9.72, , , ,780,221
905,9.73, , , ,772,2314
906,9.74, , , ,772,3029
907,9.75, , , ,774,3028
908,9.76, , , ,778,3021
909,9.77, , , ,781,3031
910,9.78, , , ,782,3025
911,9.79, , , ,782,3018
912,9.8, , , ,782,3019
913,9.81, , , ,782,3022
914,9.82, , , ,782,3023
915,9.83, , , ,782,3021
916,9.84, , , ,782,3017
917,9.85, , , ,782,3019
918,9.86, , , ,782,3023
919,9.87, , , ,786,3020
920,9.88, , , ,791,3034
921,9.89, , , ,798,3043
922,9.9, , , ,803,3044
923,9.91, , , ,808,3041
924,9.92, , , ,814,3044
925,9.93, , , ,820,3052
926,9.94, , , ,826,3054
927,9.95, , , ,832,3058
928,9.96, , , ,837,3058
929,9.97, , , ,843,3060
930,9.98, , , ,849,3061
931,9.99, , , ,854,3061
932,10, , , ,860,3062
933,10.01, , , ,866,3063
934,10.02, , , ,871,3061
935,10.03, , , ,876,3061
936,10.04, , , ,882,3063
937,10.05, , , ,887,3062
938,10.06, , , ,892,3062
939,10.07, , , ,898,3061
940,10.08, , , ,902,3063
941,10.09, , , ,908,3063
942,10.1, , , ,912,3061
943,10.11, , , ,918,3063
944,10.12, , , ,922,3063
945,10.13, , , ,927,3063
946,10.14, , , ,932,3062
947,10.15, , , ,936,3062
948,10.16, , , ,941,3062
949,10.17, , , ,946,3062
950,10.18, , , ,950,3063
951,10.19, , , ,954,3063
952,10.2, , , ,955,3063
953,10.21, , , ,956,3063
954,10.22, , , ,957,3063
955,10.23, , , ,957,3062
956,10.24, , , ,957,3062
957,10.25, , , ,957,3063
958,10.26, , , ,957,3062
959,10.27, , , ,957,3063
960,10.28, , , ,957,3063
961,10.29, , , ,957,3063
962,10.3, , , ,957,3063
963,10.31, , , ,957,3063
964,10.32, , , ,957,3063
965,10.33, , , ,957,3062
966,10.34, , , ,957,3062
967,10.35, , , ,957,3062
968,10.36, , , ,957,3063
969,10.37, , , ,957,3063
970,10.38, , , ,957,3063
971,10.39, , , ,957,3063
972,10.4, , , ,957,3063
973,10.41, , , ,957,3062
974,10.42, , , ,957,3063
975,10.43, , , ,957,3063
976,10.44, , , ,957,3062
977,10.45, , , ,957,3063
978,10.46, , , ,957,3063
979,10.47, , , ,957,3062
980,10.48, , , ,957,3062
981,10.49, , , ,957,3063
982,10.5, , , ,957,3063
983,10.51, , , ,957,3062
984,10.52, , , ,957,3063
985,10.53, , , ,957,3063
986,10.54, , , ,957,3063
987,10.55, , , ,957,3063
988,10.56, , , ,957,3063
989,10.57, , , ,957,3063
990,10.58, , , ,957,3063
991,10.59, , , ,957,3063
992,10.6, , , ,957,3066
993,10.61, , , ,957,3064
994,10.62, , , ,957,3063
995,10.63, , , ,957,3063
996,10.64, , , ,957,3064
997,10.65, , , ,957,3063
998,10.66, , , ,957,3064
999,10.67, , , ,957,3064
1000,10.68, , , ,957,3063
1001,10.69, , , ,957,3063
1002,10.7, , , ,957,3063
1003,10.71, , , ,957,3063
1004,10.72, , , ,957,3063
1005,10.73, , , ,957,3063
1006,10.74, , , ,957,3063
1007,10.75, , , ,957,3063
1008,10.76, , , ,957,3063
1009,10.77, , , ,957,3063
1010,10.78, , , ,957,3063
1011,10.79, , , ,957,3063
1012,10.8, , , ,957,3063
1013,10.81, , , ,957,3063
1014,10.82, , , ,957,3062
1015,10.83, , , ,957,3063
1016,10.84, , , ,957,3061
1017,10.85, , , ,957,3062
1018,10.86, , , ,957,3063
1019,10.87, , , ,957,3063
1020,10.88, , , ,957,3062
1021,10.89, , , ,957,3064
1022,10.9, , , ,957,3063
1023,10.91, , , ,957,3063
1024,10.92, , , ,957,3063
1025,10.93, , , ,957,3062
1026,10.94, , , ,957,3064
1027,10.95, , , ,957,3061
1028,10.96, , , ,957,3062
1029,10.97, , , ,957,3064
1030,10.98, , , ,957,3064
1031,10.99, , , ,957,3063
1032,11, , , ,957,3064
1033,11.01, , , ,957,3063
1034,11.02, , , ,957,3062
1035,11.03, , , ,957,3062
1036,11.04, , , ,957,3063
1037,11.05, , , ,957,3063
1038,11.06, , , ,957,3064
1039,11.07, , , ,957,3061
1040,11.08, , , ,957,3064
1041,11.09, , , ,957,3064
1042,11.1, , , ,957,3062
1043,11.11, , , ,957,3063
1044,11.12, , , ,957,3063
1045,11.13, , , ,957,3062
1046,11.14, , , ,957,3063
1047,11.15, , , ,957,3063
1048,11.16, , , ,957,3063
1049,11.17, , , ,957,3063
1050,11.18, , , ,957,3062
1051,11.19, , , ,957,3064
1052,11.2, , , ,957,3062
1053,11.21, , , ,957,3062
1054,11.22, , , ,957,3063
1055,11.23, , , ,957,3067
1056,11.24, , , ,957,3063
1057,11.25, , , ,957,3063
1058,11.26, , , ,957,3063
1059,11.27, , , ,957,3064
1060,11.28, , , ,957,3064
1061,11.29, , , ,957,3061
1062,11.3, , , ,957,3062
1063,11.31, , , ,957,3063
1064,11.32, , , ,957,3063
1065,11.33, , , ,957,3064
1066,11.34, , , ,957,3064
1067,11.35, , , ,957,3063
1068,11.36, , , ,957,3063
1069,11.37, , , ,957,3063
1070,11.38, , , ,957,3062
1071,11.39, , , ,957,3064
1072,11.4, , , ,957,3063
1073,11.41, , , ,957,3064
1074,11.42, , , ,957,3064
1075,11.43, , , ,957,3062
1076,11.44, , , ,957,3063
1077,11.45, , , ,957,3064
1078,11.46, , , ,957,3063
1079,11.47, , , ,957,3064
1080,11.48, , , ,957,3063
1081,11.49, , , ,957,3063
1082,11.5, , , ,957,3063
1083,11.51, , , ,957,3063
1084,11.52, , , ,957,3062
1085,11.53, , , ,957,3064
1086,11.54, , , ,957,3063
1087,11.55, , , ,957,3063
1088,11.56, , , ,957,3062
1089,11.57, , , ,957,3063
1090,11.58, , , ,957,3064
1091,11.59, , , ,957,3064
1092,11.6, , , ,957,3063
1093,11.61, , , ,957,3063
1094,11.62, , , ,957,3064
1095,11.63, , , ,957,3062
1096,11.64, , , ,957,3065
1097,11.65, , , ,957,3063
1098,11.66, , , ,957,3062
1099,11.67, , , ,957,3064
1100,11.68, , , ,957,3063
1101,11.69, , , ,957,3063
1102,11.7, , , ,957,3063
1103,11.71, , , ,957,3063
1104,11.72, , , ,957,3065
1105,11.73, , , ,957,3064
1106,11.74, , , ,957,3063
1107,11.75, , , ,957,3064
1108,11.76, , , ,957,3063
1109,11.77, , , ,957,3063
1110,11.78, , , ,957,3063
1111,11.79, , , ,957,3063
1112,11.8, , , ,957,3062
1113,11.81, , , ,957,3063
1114,11.82, , , ,957,3063
1115,11.83, , , ,957,3063
1116,11.84, , , ,957,3063
1117,11.85, , , ,957,3062
1118,11.86, , , ,957,3063
1119,11.87, , , ,957,3063
1120,11.88, , , ,957,3064
1121,11.89, , , ,957,3063
1122,11.9, , , ,957,3064
1123,11.91, , , ,957,3063
1124,11.92, , , ,957,3063
1125,11.93, , , ,957,3063
1126,11.94, , , ,957,3063
1127,11.95, , , ,957,3063
1128,11.96, , , ,957,3063
1129,11.97, , , ,957,3063
1130,11.98, , , ,957,3063
1131,11.99, , , ,957,3063
1132,12, , , ,957,3063
1133,12.01, , , ,957,3063
1134,12.02, , , ,957,3063
1135,12.03, , , ,957,3064
1136,12.04, , , ,957,3063
1137,12.05, , , ,957,3063
1138,12.06, , , ,957,3063
1139,12.07, , , ,957,3063
1140,12.08, , , ,957,3063
1141,12.09, , , ,957,3063
1142,12.1, , , ,957,3062
1143,12.11, , , ,957,3063
1144,12.12, , , ,957,3063
1145,12.13, , , ,957,3063
1146,12.14, , , ,957,3062
1147,12.15, , , ,957,3063
1148,12.16, , , ,957,3063
1149,12.17, , , ,957,3063
1150,12.18, , , ,957,3063
1151,12.19, , , ,957,3063
1152,12.2, , , ,957,3063
1153,12.21, , , ,957,3062
1154,12.22, , , ,957,3063
1155,12.23, , , ,957,3063
1156,12.24, , , ,957,3064
1157,12.25, , , ,957,3063
1158,12.26, , , ,957,3063
1159,12.27, , , ,957,3062
1160,12.28, , , ,957,3063
1161,12.29, , , ,957,3063
1162,12.3, , , ,957,3063
1163,12.31, , , ,957,3062
1164,12.32, , , ,957,3063
1165,12.33, , , ,957,3062
1166,12.34, , , ,957,3063
1167,12.35, , , ,957,3064
1168,12.36, , , ,957,3063
1169,12.37, , , ,957,3063
1170,12.38, , , ,957,3064
1171,12.39, , , ,957,3063
1172,12.4, , , ,957,3063
1173,12.41, , , ,957,3063
1174,12.42, , , ,957,3063
1175,12.43, , , ,957,3062
1176,12.44, , , ,957,3062
1177,12.45, , , ,957,3063
1178,12.46, , , ,957,3064
1179,12.47, , , ,957,3063
1180,12.48, , , ,957,3064
1181,12.49, , , ,957,3064
1182,12.5, , , ,957,3062
1183,12.51, , , ,957,3062
1184,12.52, , , ,957,3064
1185,12.53, , , ,957,3063
1186,12.54, , , ,957,3064
1187,12.55, , , ,957,3063
1188,12.56, , , ,957,3063
1189,12.57, , , ,957,3063
1190,12.58, , , ,957,3064
1191,12.59, , , ,957,3063
1192,12.6, , , ,957,3063
1193,12.61, , , ,957,3063
1194,12.62, , , ,957,3063
1195,12.63, , , ,957,3063
1196,12.64, , , ,957,3063
1197,12.65, , , ,957,3063
1198,12.66, , , ,957,3063
1199,12.67, , , ,957,3064
1200,12.68, , , ,957,3063
1201,12.69, , , ,957,3064
1202,12.7, , , ,957,3064
1203,12.71, , , ,957,3064
1204,12.72, , , ,957,3063
1205,12.73, , , ,957,3063
1206,12.74, , , ,957,3062
1207,12.75, , , ,957,3063
1208,12.76, , , ,957,3062
1209,12.77, , , ,957,3063
1210,12.78, , , ,957,3064
1211,12.79, , , ,957,3063
1212,12.8, , , ,957,3063
1213,12.81, , , ,957,3063
1214,12.82, , , ,957,3064
1215,12.83, , , ,957,3064
1216,12.84, , , ,957,3062
1217,12.85, , , ,957,3063
1218,12.86, , , ,957,3063
1219,12.87, , , ,957,3063
1220,12.88, , , ,957,3064
1221,12.89, , , ,957,3063
1222,12.9, , , ,957,3062
1223,12.91, , , ,957,3061
1224,12.92, , , ,957,3062
1225,12.93, , , ,957,3063
1226,12.94, , , ,957,3063
1227,12.95, , , ,957,3063
1228,12.96, , , ,957,3063
1229,12.97, , , ,957,3062
1230,12.98, , , ,957,3065
1231,12.99, , , ,957,3063
1232,13, , , ,957,3064
1233,13.01, , , ,957,3063
1234,13.02, , , ,957,3063
1235,13.03, , , ,957,3062
1236,13.04, , , ,957,3063
1237,13.05, , , ,957,3066
1238,13.06, , , ,957,3063
1239,13.07, , , ,957,3062
1240,13.08, , , ,957,3064
1241,13.09, , , ,957,3064
1242,13.1, , , ,957,3063
1243,13.11, , , ,957,3064
1244,13.12, , , ,957,3064
1245,13.13, , , ,957,3062
1246,13.14, , , ,957,3062
1247,13.15, , , ,957,3062
1248,13.16, , , ,957,3062
1249,13.17, , , ,957,3063
1250,13.18, , , ,957,3063
1251,13.19, , , ,957,3063
1252,13.2, , , ,957,3063
1253,13.21, , , ,957,3063
1254,13.22, , , ,957,3064
1255,13.23, , , ,957,3063
1256,13.24, , , ,957,3063
1257,13.25, , , ,957,3063
1258,13.26, , , ,957,3063
1259,13.27, , , ,957,3063
1260,13.28, , , ,957,3064
1261,13.29, , , ,957,3064
1262,13.3, , , ,957,3063
1263,13.31, , , ,957,3064
1264,13.32, , , ,957,3063
1265,13.33, , , ,957,3061
1266,13.34, , , ,957,3066
1267,13.35, , , ,957,3064
1268,13.36, , , ,957,3063
1269,13.37, , , ,957,3064
1270,13.38, , , ,957,3063
1271,13.39, , , ,957,3063
1272,13.4, , , ,957,3062
1273,13.41, , , ,957,3066
1274,13.42, , , ,957,3064
1275,13.43, , , ,957,3064
1276,13.44, , , ,957,3063
1277,13.45, , , ,957,3064
1278,13.46, , , ,957,3063
1279,13.47, , , ,957,3063
1280,13.48, , , ,957,3064
1281,13.49, , , ,957,3064
1282,13.5, , , ,957,3064
1283,13.51, , , ,957,3063
1284,13.52, , , ,957,3064
1285,13.53, , , ,957,3063
1286,13.54, , , ,957,3064
1287,13.55, , , ,957,3066
1288,13.56, , , ,957,3063
1289,13.57, , , ,957,3062
1290,13.58, , , ,957,3064
1291,13.59, , , ,957,3063
1292,13.6, , , ,957,3063
1293,13.61, , , ,957,3062
1294,13.62, , , ,957,3063
1295,13.63, , , ,957,3063
1296,13.64, , , ,957,3064
1297,13.65, , , ,957,3063
1298,13.66, , , ,957,3062
1299,13.67, , , ,957,3064
1300,13.68, , , ,957,3062
1301,13.69, , , ,957,3065
1302,13.7, , , ,957,3064
1303,13.71, , , ,957,3063
1304,13.72, , , ,957,3063
1305,13.73, , , ,957,3064
1306,13.74, , , ,957,3062
1307,13.75, , , ,957,3062
1308,13.76, , , ,957,3064
1309,13.77, , , ,957,3063
1310,13.78, , , ,957,3063
1311,13.79, , , ,957,3063
1312,13.8, , , ,957,3063
1313,13.81, , , ,957,3063
1314,13.82, , , ,957,3062
1315,13.83, , , ,957,3062
1316,13.84, , , ,957,3064
1317,13.85, , , ,957,3064
1318,13.86, , , ,957,3062
1319,13.87, , , ,957,3063
1320,13.88, , , ,957,3062
1321,13.89, , , ,957,3063
1322,13.9, , , ,957,3063
1323,13.91, , , ,957,3063
1324,13.92, , , ,957,3063
1325,13.93, , , ,957,3062
1326,13.94, , , ,957,3063
1327,13.95, , , ,957,3064
1328,13.96, , , ,957,3062
1329,13.97, , , ,957,3066
1330,13.98, , , ,957,3063
1331,13.99, , , ,957,3063
1332,14, , , ,957,3064
1333,14.01, , , ,957,3064
1334,14.02, , , ,957,3062
1335,14.03, , , ,957,3064
1336,14.04, , , ,957,3062
1337,14.05, , , ,957,3063
1338,14.06, , , ,957,3063
1339,14.07, , , ,957,3064
1340,14.08, , , ,957,3063
1341,14.09, , , ,957,3063
1342,14.1, , , ,957,3062
1343,14.11, , , ,957,3063
1344,14.12, , , ,957,3063
1345,14.13, , , ,957,3063
1346,14.14, , , ,957,3064
1347,14.15, , , ,957,3064
1348,14.16, , , ,957,3063
1349,14.17, , , ,957,3063
1350,14.18, , , ,957,3064
1351,14.19, , , ,957,3063
1352,14.2, , , ,957,3063
1353,14.21, , , ,957,3061
1354,14.22, , , ,957,3064
1355,14.23, , , ,957,3065
1356,14.24, , , ,957,3062
1357,14.25, , , ,957,3062
1358,14.26, , , ,957,3064
1359,14.27, , , ,957,3064
1360,14.28, , , ,957,3063
1361,14.29, , , ,957,3064
1362,14.3, , , ,957,3063
1363,14.31, , , ,957,3062
1364,14.32, , , ,957,3063
1365,14.33, , , ,957,3064
1366,14.34, , , ,957,3063
1367,14.35, , , ,957,3063
1368,14.36, , , ,957,3063
1369,14.37, , , ,957,3063
1370,14.38, , , ,957,3063
1371,14.39, , , ,957,3062
1372,14.4, , , ,957,3063
1373,14.41, , , ,957,3063
1374,14.42, , , ,957,3062
1375,14.43, , , ,957,3064
1376,14.44, , , ,957,3064
1377,14.45, , , ,957,3063
1378,14.46, , , ,957,3063
1379,14.47, , , ,957,3063
1380,14.48, , , ,957,3064
1381,14.49, , , ,957,3062
1382,14.5, , , ,957,3063
1383,14.51, , , ,957,3064
1384,14.52, , , ,957,3062
1385,14.53, , , ,957,3062
1386,14.54, , , ,957,3064
1387,14.55, , , ,957,3063
1388,14.56, , , ,957,3062
1389,14.57, , , ,957,3063
1390,14.58, , , ,957,3062
1391,14.59, , , ,957,3062
1392,14.6, , , ,957,3061
1393,14.61, , , ,957,3063
1394,14.62, , , ,957,3064
1395,14.63, , , ,957,3063
1396,14.64, , , ,957,3063
1397,14.65, , , ,957,3064
1398,14.66, , , ,957,3064
1399,14.67, , , ,957,3064
1400,14.68, , , ,957,3063
1401,14.69, , , ,957,3064
1402,14.7, , , ,957,3062
1403,14.71, , , ,957,3063
1404,14.72, , , ,957,3063
1405,14.73, , , ,957,3062
1406,14.74, , , ,957,3062
1407,14.75, , , ,957,3063
1408,14.76, , , ,957,3063
1409,14.77, , , ,957,3063
1410,14.78, , , ,957,3063
1411,14.79, , , ,957,3064
1412,14.8, , , ,957,3063
1413,14.81, , , ,957,3064
1414,14.82, , , ,957,3064
1415,14.83, , , ,957,3063
1416,14.84, , , ,957,3063
1417,14.85, , , ,957,3063
1418,14.86, , , ,957,3063
1419,14.87, , , ,957,3063
1420,14.88, , , ,957,3062
1421,14.89, , , ,957,3064
1422,14.9, , , ,957,3062
1423,14.91, , , ,957,3063
1424,14.92, , , ,957,3062
1425,14.93, , , ,957,3064
1426,14.94, , , ,957,3063
1427,14.95, , , ,957,3061
1428,14.96, , , ,957,3062
1429,14.97, , , ,957,3064
1430,14.98, , , ,957,3064
1431,14.99, , , ,957,3064
1432,15, , , ,957,3063
1433,15.01, , , ,957,3062
1434,15.02, , , ,957,3063
1435,15.03, , , ,957,3064
1436,15.04, , , ,957,3064
1437,15.05, , , ,957,3063
1438,15.06, , , ,957,3063
1439,15.07, , , ,957,3063
1440,15.08, , , ,957,3062
1441,15.09, , , ,957,3062
1442,15.1, , , ,957,3063
1443,15.11, , , ,957,3063
1444,15.12, , , ,957,3063
1445,15.13, , , ,957,3063
1446,15.14, , , ,957,3064
1447,15.15, , , ,957,3065
1448,15.16, , , ,957,3061
1449,15.17, , , ,957,3062
1450,15.18, , , ,957,3063
1451,15.19, , , ,957,3061
1452,15.2, , , ,957,3063
1453,15.21, , , ,957,3063
1454,15.22, , , ,957,3064
1455,15.23, , , ,957,3063
1456,15.24, , , ,957,3063
1457,15.25, , , ,957,3063
1458,15.26, , , ,957,3063
1459,15.27, , , ,957,3063
1460,15.28, , , ,957,3063
1461,15.29, , , ,957,3064
1462,15.3, , , ,957,3062
1463,15.31, , , ,957,3063
1464,15.32, , , ,957,3063
1465,15.33, , , ,957,3063
1466,15.34, , , ,957,3063
1467,15.35, , , ,957,3063
1468,15.36, , , ,957,3063
1469,15.37, , , ,957,3063
1470,15.38, , , ,957,3062
1471,15.39, , , ,957,3063
1472,15.4, , , ,957,3062
1473,15.41, , , ,957,3063
1474,15.42, , , ,957,3063
1475,15.43, , , ,957,3063
1476,15.44, , , ,957,3063
1477,15.45, , , ,957,3065
1478,15.46, , , ,957,3063
1479,15.47, , , ,957,3063
1480,15.48, , , ,957,3064
1481,15.49, , , ,957,3063
1482,15.5, , , ,957,3065
1483,15.51, , , ,957,3063
1484,15.52, , , ,957,3061
1485,15.53, , , ,957,3063
1486,15.54, , , ,957,3063
1487,15.55, , , ,957,3062
1488,15.56, , , ,957,3062
1489,15.57, , , ,957,3063
1490,15.58, , , ,957,3063
1491,15.59, , , ,957,3063
1492,15.6, , , ,957,3064
1493,15.61, , , ,957,3063
1494,15.62, , , ,957,3063
1495,15.63, , , ,957,3064
1496,15.64, , , ,957,3064
1497,15.65, , , ,957,3062
1498,15.66, , , ,957,3064
1499,15.67, , , ,957,3063
1500,15.68, , , ,957,3063
1501,15.69, , , ,957,3063
1502,15.7, , , ,957,3063
1503,15.71, , , ,957,3062
1504,15.72, , , ,957,3064
1505,15.73, , , ,957,3064
1506,15.74, , , ,957,3062
1507,15.75, , , ,957,3064
1508,15.76, , , ,957,3063
1509,15.77, , , ,957,3063
1510,15.78, , , ,957,3063
1511,15.79, , , ,957,3063
1512,15.8, , , ,957,3064
1513,15.81, , , ,957,3062
1514,15.82, , , ,957,3065
1515,15.83, , , ,957,3063
1516,15.84, , , ,957,3062
1517,15.85, , , ,957,3064
1518,15.86, , , ,957,3061
1519,15.87, , , ,957,3064
1520,15.88, , , ,957,3064
1521,15.89, , , ,957,3063
1522,15.9, , , ,957,3062
1523,15.91, , , ,957,3063
1524,15.92, , , ,957,3064
1525,15.93, , , ,957,3063
1526,15.94, , , ,957,3062
1527,15.95, , , ,957,3063
1528,15.96, , , ,957,3064
1529,15.97, , , ,957,3063
1530,15.98, , , ,957,3063
1531,15.99, , , ,957,3063
1532,16, , , ,957,3063
1533,16.01, , , ,957,3063
1534,16.02, , , ,957,3063
1535,16.03, , , ,957,3063
1536,16.04, , , ,957,3063
1537,16.05, , , ,957,3063
1538,16.06, , , ,957,3063
1539,16.07, , , ,957,3063
1540,16.08, , , ,957,3062
1541,16.09, , , ,957,3063
1542,16.1, , , ,957,3063
1543,16.11, , , ,957,3064
1544,16.12, , , ,957,3063
1545,16.13, , , ,957,3064
1546,16.14, , , ,957,3064
1547,16.15, , , ,957,3063
1548,16.16, , , ,957,3063
1549,16.17, , , ,957,3063
1550,16.18, , , ,957,3063
1551,16.19, , , ,957,3062
1552,16.2, , , ,957,3062
1553,16.21, , , ,957,3065
1554,16.22, , , ,957,3065
1555,16.23, , , ,957,3065
1556,16.24, , , ,957,3064
1557,16.25, , , ,957,3064
1558,16.26, , , ,957,3063
1559,16.27, , , ,957,3064
1560,16.28, , , ,957,3063
1561,16.29, , , ,957,3063
1562,16.3, , , ,957,3063
1563,16.31, , , ,957,3064
1564,16.32, , , ,957,3064
1565,16.33, , , ,957,3062
1566,16.34, , , ,957,3063
1567,16.35, , , ,957,3064
1568,16.36, , , ,957,3063
1569,16.37, , , ,957,3062
1570,16.38, , , ,957,3064
1571,16.39, , , ,957,3064
1572,16.4, , , ,957,3063
1573,16.41, , , ,957,3064
1574,16.42, , , ,957,3063
1575,16.43, , , ,957,3063
1576,16.44, , , ,957,3065
1577,16.45, , , ,957,3064
1578,16.46, , , ,957,3063
1579,16.47, , , ,957,3062
1580,16.48, , , ,957,3063
1581,16.49, , , ,957,3063
1582,16.5, , , ,957,3063
1583,16.51, , , ,957,3063
1584,16.52, , , ,957,3063
1585,16.53, , , ,957,3063
1586,16.54, , , ,957,3062
1587,16.55, , , ,957,3064
1588,16.56, , , ,957,3064
1589,16.57, , , ,957,3063
1590,16.58, , , ,957,3062
1591,16.59, , , ,957,3063
1592,16.6, , , ,957,3063
1593,16.61, , , ,957,3061
1594,16.62, , , ,957,3063
1595,16.63, , , ,957,3063
1596,16.64, , , ,957,3063
1597,16.65, , , ,957,3063
1598,16.66, , , ,957,3063
1599,16.67, , , ,957,3063
1600,16.68, , , ,957,3063
1601,16.69, , , ,957,3064
1602,16.7, , , ,957,3063
1603,16.71, , , ,957,3063
1604,16.72, , , ,957,3063
1605,16.73, , , ,957,3062
1606,16.74, , , ,957,3064
1607,16.75, , , ,957,3062
1608,16.76, , , ,957,3063
1609,16.77, , , ,957,3064
1610,16.78, , , ,957,3064
1611,16.79, , , ,957,3065
1612,16.8, , , ,957,3064
1613,16.81, , , ,957,3064
1614,16.82, , , ,957,3064
1615,16.83, , , ,957,3064
1616,16.84, , , ,957,3064
1617,16.85, , , ,957,3063
1618,16.86, , , ,957,3063
1619,16.87, , , ,957,3063
1620,16.88, , , ,957,3064
1621,16.89, , , ,957,3063
1622,16.9, , , ,957,3063
1623,16.91, , , ,957,3063
1624,16.92, , , ,957,3064
1625,16.93, , , ,957,3062
1626,16.94, , , ,957,3064
1627,16.95, , , ,957,3063
1628,16.96, , , ,957,3062
1629,16.97, , , ,957,3063
1630,16.98, , , ,957,3064
1631,16.99, , , ,957,3063
1632,17, , , ,957,3062
1633,17.01, , , ,957,3063
1634,17.02, , , ,957,3064
1635,17.03, , , ,957,3062
1636,17.04, , , ,957,3063
1637,17.05, , , ,957,3062
1638,17.06, , , ,957,3064
1639,17.07, , , ,957,3062
1640,17.08, , , ,957,3064
1641,17.09, , , ,957,3064
1642,17.1, , , ,957,3062
1643,17.11, , , ,957,3064
1644,17.12, , , ,957,3064
1645,17.13, , , ,957,3063
1646,17.14, , , ,957,3063
1647,17.15, , , ,957,3064
1648,17.16, , , ,957,3062
1649,17.17, , , ,957,3062
1650,17.18, , , ,957,3064
1651,17.19, , , ,957,3065
1652,17.2, , , ,957,3062
1653,17.21, , , ,957,3063
1654,17.22, , , ,957,3062
1655,17.23, , , ,957,3064
1656,17.24, , , ,957,3062
1657,17.25, , , ,957,3062
1658,17.26, , , ,957,3064
1659,17.27, , , ,957,3063
1660,17.28, , , ,957,3063
1661,17.29, , , ,957,3063
1662,17.3, , , ,957,3064
1663,17.31, , , ,957,3063
1664,17.32, , , ,957,3062
1665,17.33, , , ,957,3064
1666,17.34, , , ,957,3063
1667,17.35, , , ,957,3062
1668,17.36, , , ,957,3063
1669,17.37, , , ,957,3064
1670,17.38, , , ,957,3062
1671,17.39, , , ,957,3063
1672,17.4, , , ,957,3061
1673,17.41, , , ,957,3063
1674,17.42, , , ,957,3063
1675,17.43, , , ,957,3064
1676,17.44, , , ,957,3064
1677,17.45, , , ,957,3063
1678,17.46, , , ,957,3063
1679,17.47, , , ,957,3062
1680,17.48, , , ,957,3063
1681,17.49, , , ,957,3062
1682,17.5, , , ,957,3063
1683,17.51, , , ,957,3063
1684,17.52, , , ,957,3062
1685,17.53, , , ,957,3062
1686,17.54, , , ,957,3063
1687,17.55, , , ,957,3064
1688,17.56, , , ,957,3064
1689,17.57, , , ,957,3063
1690,17.58, , , ,957,3063
1691,17.59, , , ,957,3064
1692,17.6, , , ,957,3063
1693,17.61, , , ,957,3064
1694,17.62, , , ,957,3064
1695,17.63, , , ,957,3063
1696,17.64, , , ,957,3063
1697,17.65, , , ,957,3063
1698,17.66, , , ,957,3062
1699,17.67, , , ,957,3063
1700,17.68, , , ,957,3064
1701,17.69, , , ,957,3064
1702,17.7, , , ,957,3061
1703,17.71, , , ,957,3063
1704,17.72, , , ,957,3064
1705,17.73, , , ,957,3063
1706,17.74, , , ,957,3062
1707,17.75, , , ,957,3062
1708,17.76, , , ,957,3063
1709,17.77, , , ,957,3063
1710,17.78, , , ,957,3064
1711,17.79, , , ,957,3063
1712,17.8, , , ,957,3062
1713,17.81, , , ,957,3062
1714,17.82, , , ,957,3061
1715,17.83, , , ,957,3063
1716,17.84, , , ,957,3064
1717,17.85, , , ,957,3063
1718,17.86, , , ,957,3064
1719,17.87, , , ,957,3062
1720,17.88, , , ,957,3063
1721,17.89, , , ,957,3063
1722,17.9, , , ,957,3064
1723,17.91, , , ,957,3063
1724,17.92, , , ,957,3064
1725,17.93, , , ,957,3064
1726,17.94, , , ,957,3064
1727,17.95, , , ,957,3063
1728,17.96, , , ,957,3063
1729,17.97, , , ,957,3063
1730,17.98, , , ,957,3062
1731,17.99, , , ,957,3063
1732,18, , , ,957,3064
1733,18.01, , , ,957,3065
1734,18.02, , , ,957,3063
1735,18.03, , , ,957,3063
1736,18.04, , , ,957,3064
1737,18.05, , , ,957,3062
1738,18.06, , , ,957,3063
1739,18.07, , , ,957,3064
1740,18.08, , , ,957,3063
1741,18.09, , , ,957,3063
1742,18.1, , , ,957,3061
1743,18.11, , , ,957,3064
1744,18.12, , , ,957,3064
1745,18.13, , , ,957,3064
1746,18.14, , , ,957,3063
1747,18.15, , , ,957,3065
1748,18.16, , , ,957,3063
1749,18.17, , , ,957,3064
1750,18.18, , , ,957,3063
1751,18.19, , , ,957,3062
1752,18.2, , , ,957,3063
1753,18.21, , , ,957,3063
1754,18.22, , , ,957,3063
1755,18.23, , , ,957,3063
1756,18.24, , , ,957,3064
1757,18.25, , , ,957,3064
1758,18.26, , , ,957,3063
1759,18.27, , , ,957,3063
1760,18.28, , , ,957,3062
1761,18.29, , , ,957,3064
1762,18.3, , , ,957,3062
1763,18.31, , , ,957,3062
1764,18.32, , , ,957,3063
1765,18.33, , , ,957,3063
1766,18.34, , , ,957,3063
1767,18.35, , , ,957,3062
1768,18.36, , , ,957,3063
1769,18.37, , , ,957,3063
1770,18.38, , , ,957,3063
1771,18.39, , , ,957,3063
1772,18.4, , , ,957,3063
1773,18.41, , , ,957,3063
1774,18.42, , , ,957,3064
1775,18.43, , , ,957,3064
1776,18.44, , , ,957,3063
1777,18.45, , , ,957,3062
1778,18.46, , , ,957,3062
1779,18.47, , , ,957,3064
1780,18.48, , , ,957,3063
1781,18.49, , , ,957,3063
1782,18.5, , , ,957,3063
1783,18.51, , , ,957,3063
1784,18.52, , , ,957,3064
1785,18.53, , , ,957,3063
1786,18.54, , , ,957,3061
1787,18.55, , , ,957,3062
1788,18.56, , , ,957,3062
1789,18.57, , , ,957,3063
1790,18.58, , , ,957,3064
1791,18.59, , , ,957,3062
1792,18.6, , , ,957,3062
1793,18.61, , , ,957,3063
1794,18.62, , , ,957,3063
1795,18.63, , , ,957,3063
1796,18.64, , , ,957,3062
1797,18.65, , , ,957,3063
1798,18.66, , , ,957,3064
1799,18.67, , , ,957,3064
1800,18.68, , , ,957,3063
1801,18.69, , , ,957,3063
1802,18.7, , , ,957,3063
1803,18.71, , , ,957,3063
1804,18.72, , , ,957,3063
1805,18.73, , , ,957,3064
1806,18.74, , , ,957,3063
1807,18.75, , , ,957,3065
1808,18.76, , , ,957,3062
1809,18.77, , , ,957,3064
1810,18.78, , , ,957,3062
1811,18.79, , , ,957,3063
1812,18.8, , , ,957,3063
1813,18.81, , , ,957,3062
1814,18.82, , , ,957,3064
1815,18.83, , , ,957,3063
1816,18.84, , , ,957,3064
1817,18.85, , , ,957,3065
1818,18.86, , , ,957,3063
1819,18.87, , , ,957,3063
1820,18.88, , , ,957,3064
1821,18.89, , , ,957,3065
1822,18.9, , , ,957,3064
1823,18.91, , , ,957,3063
1824,18.92, , , ,957,3064
1825,18.93, , , ,957,3062
1826,18.94, , , ,957,3063
1827,18.95, , , ,957,3063
1828,18.96, , , ,957,3064
1829,18.97, , , ,957,3062
1830,18.98, , , ,957,3063
1831,18.99, , , ,957,3063
1832,19, , , ,957,3064
1833,19.01, , , ,957,3063
1834,19.02, , , ,957,3064
1835,19.03, , , ,957,3065
1836,19.04, , , ,957,3062
1837,19.05, , , ,957,3063
1838,19.06, , , ,957,3063
1839,19.07, , , ,957,3063
1840,19.08, , , ,957,3064
1841,19.09, , , ,957,3063
1842,19.1, , , ,957,3061
1843,19.11, , , ,957,3062
1844,19.12, , , ,957,3063
1845,19.13, , , ,957,3063
1846,19.14, , , ,957,3064
1847,19.15, , , ,957,3063
1848,19.16, , , ,957,3064
1849,19.17, , , ,957,3061
1850,19.18, , , ,957,3064
1851,19.19, , , ,957,3063
1852,19.2, , , ,957,3062
1853,19.21, , , ,957,3064
1854,19.22, , , ,957,3062
1855,19.23, , , ,957,3063
1856,19.24, , , ,957,3063
1857,19.25, , , ,957,3061
1858,19.26, , , ,957,3063
1859,19.27, , , ,957,3063
1860,19.28, , , ,957,3063
1861,19.29, , , ,957,3062
1862,19.3, , , ,957,3063
1863,19.31, , , ,957,3063
1864,19.32, , , ,957,3064
1865,19.33, , , ,957,3063
1866,19.34, , , ,957,3064
1867,19.35, , , ,957,3064
1868,19.36, , , ,957,3063
1869,19.37, , , ,957,3062
1870,19.38, , , ,957,3063
1871,19.39, , , ,957,3063
1872,19.4, , , ,957,3063
1873,19.41, , , ,957,3065
1874,19.42, , , ,957,3064
1875,19.43, , , ,957,3063
1876,19.44, , , ,957,3062
1877,19.45, , , ,957,3064
1878,19.46, , , ,957,3064
1879,19.47, , , ,957,3064
1880,19.48, , , ,957,3063
1881,19.49, , , ,957,3064
1882,19.5, , , ,957,3063
1883,19.51, , , ,957,3063
1884,19.52, , , ,957,3064
1885,19.53, , , ,957,3063
1886,19.54, , , ,957,3063
1887,19.55, , , ,957,3064
1888,19.56, , , ,957,3064
1889,19.57, , , ,957,3063
1890,19.58, , , ,957,3062
1891,19.59, , , ,957,3062
1892,19.6, , , ,957,3063
1893,19.61, , , ,957,3062
1894,19.62, , , ,957,3062
1895,19.63, , , ,957,3064
1896,19.64, , , ,957,3063
1897,19.65, , , ,957,3062
1898,19.66, , , ,957,3063
1899,19.67, , , ,957,3063
1900,19.68, , , ,957,3064
1901,19.69, , , ,957,3063
1902,19.7, , , ,957,3064
1903,19.71, , , ,957,3063
1904,19.72, , , ,957,3062
1905,19.73, , , ,957,3066
1906,19.74, , , ,957,3063
1907,19.75, , , ,957,3063
1908,19.76, , , ,957,3063
1909,19.77, , , ,957,3063
1910,19.78, , , ,957,3062
1911,19.79, , , ,957,3062
1912,19.8, , , ,957,3063
1913,19.81, , , ,957,3064
1914,19.82, , , ,957,3062
1915,19.83, , , ,957,3063
1916,19.84, , , ,957,3063
1917,19.85, , , ,957,3063
1918,19.86, , , ,957,3063
1919,19.87, , , ,957,3063
1920,19.88, , , ,957,3064
1921,19.89, , , ,957,3062
1922,19.9, , , ,957,3063
1923,19.91, , , ,957,3063
1924,19.92, , , ,957,3064
1925,19.93, , , ,957,3062
1926,19.94, , , ,957,3064
1927,19.95, , , ,957,3063
1928,19.96, , , ,957,3062
1929,19.97, , , ,957,3063
1930,19.98, , , ,957,3064
1931,19.99, , , ,957,3064
1932,20, , , ,957,3063
1933,20.01, , , ,957,3063
1934,20.02, , , ,957,3063
1935,20.03, , , ,957,3063
1936,20.04, , , ,957,3062
1937,20.05, , , ,957,3064
1938,20.06, , , ,957,3064
1939,20.07, , , ,957,3064
1940,20.08, , , ,957,3063
1941,20.09, , , ,957,3064
1942,20.1, , , ,957,3064
1943,20.11, , , ,957,3062
1944,20.12, , , ,957,3063
1945,20.13, , , ,957,3064
1946,20.14, , , ,957,3062
1947,20.15, , , ,957,3063
1948,20.16, , , ,957,3063
1949,20.17, , , ,957,3063
1950,20.18, , , ,957,3062
1951,20.19, , , ,957,3064
1952,20.2, , , ,957,3064
1953,20.21, , , ,957,3063
1954,20.22, , , ,957,3064
1955,20.23, , , ,957,3064
1956,20.24, , , ,957,3064
1957,20.25, , , ,957,3062
1958,20.26, , , ,957,3063
1959,20.27, , , ,957,3064
1960,20.28, , , ,957,3062
1961,20.29, , , ,957,3062
1962,20.3, , , ,957,3062
1963,20.31, , , ,957,3063
1964,20.32, , , ,957,3063
1965,20.33, , , ,957,3062
1966,20.34, , , ,957,3063
1967,20.35, , , ,957,3063
1968,20.36, , , ,957,3065
1969,20.37, , , ,957,3064
1970,20.38, , , ,957,3062
1971,20.39, , , ,957,3063
1972,20.4, , , ,957,3064
1973,20.41, , , ,957,3063
1974,20.42, , , ,957,3063
1975,20.43, , , ,957,3063
1976,20.44, , , ,957,3062
1977,20.45, , , ,957,3063
1978,20.46, , , ,957,3063
1979,20.47, , , ,957,3064
1980,20.48, , , ,957,3063
1981,20.49, , , ,957,3063
1982,20.5, , , ,957,3063
1983,20.51, , , ,957,3064
1984,20.52, , , ,957,3063
1985,20.53, , , ,957,3064
1986,20.54, , , ,957,3063
1987,20.55, , , ,957,3063
1988,20.56, , , ,957,3064
1989,20.57, , , ,957,3063
1990,20.58, , , ,957,3062
1991,20.59, , , ,957,3064
1992,20.6, , , ,957,3062
1993,20.61, , , ,957,3063
1994,20.62, , , ,957,3063
1995,20.63, , , ,957,3062
1996,20.64, , , ,957,3063
1997,20.65, , , ,957,3063
1998,20.66, , , ,957,3063
1999,20.67, , , ,957,3063
2000,20.68, , , ,957,3064
2001,20.69, , , ,957,3063
2002,20.7, , , ,957,3064
2003,20.71, , , ,957,3066
2004,20.72, , , ,957,3063
2005,20.73, , , ,957,3064
2006,20.74, , , ,957,3063
2007,20.75, , , ,957,3064
2008,20.76, , , ,957,3064
2009,20.77, , , ,957,3063
2010,20.78, , , ,957,3064
2011,20.79, , , ,957,3063
2012,20.8, , , ,957,3063
2013,20.81, , , ,957,3063
2014,20.82, , , ,957,3064
2015,20.83, , , ,957,3064
2016,20.84, , , ,957,3063
2017,20.85, , , ,957,3065
2018,20.86, , , ,957,3064
2019,20.87, , , ,957,3063
2020,20.88, , , ,957,3063
2021,20.89, , , ,957,3064
2022,20.9, , , ,957,3064
2023,20.91, , , ,957,3062
2024,20.92, , , ,957,3063
2025,20.93, , , ,957,3063
2026,20.94, , , ,957,3063
2027,20.95, , , ,957,3062
2028,20.96, , , ,957,3063
2029,20.97, , , ,957,3063
2030,20.98, , , ,957,3063
2031,20.99, , , ,957,3064
2032,21, , , ,957,3063
2033,21.01, , , ,957,3063
2034,21.02, , , ,957,3064
2035,21.03, , , ,957,3063
2036,21.04, , , ,957,3063
2037,21.05, , , ,957,3063
2038,21.06, , , ,957,3064
2039,21.07, , , ,957,3062
2040,21.08, , , ,957,3063
2041,21.09, , , ,957,3061
2042,21.1, , , ,957,3063
2043,21.11, , , ,957,3063
2044,21.12, , , ,957,3064
2045,21.13, , , ,957,3063
2046,21.14, , , ,957,3063
2047,21.15, , , ,957,3063
2048,21.16, , , ,957,3064
2049,21.17, , , ,957,3063
2050,21.18, , , ,957,3063
2051,21.19, , , ,957,3063
2052,21.2, , , ,957,3066
2053,21.21, , , ,957,3063
2054,21.22, , , ,957,3062
2055,21.23, , , ,957,3063
2056,21.24, , , ,957,3061
2057,21.25, , , ,957,3063
2058,21.26, , , ,957,3064
2059,21.27, , , ,957,3063
2060,21.28, , , ,957,3063
2061,21.29, , , ,957,3064
2062,21.3, , , ,957,3063
2063,21.31, , , ,957,3064
2064,21.32, , , ,957,3065
2065,21.33, , , ,957,3063
2066,21.34, , , ,957,3065
2067,21.35, , , ,957,3062
2068,21.36, , , ,957,3063
2069,21.37, , , ,957,3064
2070,21.38, , , ,957,3063
2071,21.39, , , ,957,3063
2072,21.4, , , ,957,3062
2073,21.41, , , ,957,3063
2074,21.42, , , ,957,3062
2075,21.43, , , ,957,3062
2076,21.44, , , ,957,3064
2077,21.45, , , ,957,3064
2078,21.46, , , ,957,3062
2079,21.47, , , ,957,3063
2080,21.48, , , ,957,3063
2081,21.49, , , ,957,3063
2082,21.5, , , ,957,3063
2083,21.51, , , ,957,3063
2084,21.52, , , ,957,3063
2085,21.53, , , ,957,3062
2086,21.54, , , ,957,3063
2087,21.55, , , ,957,3062
2088,21.56, , , ,957,3063
2089,21.57, , , ,957,3064
2090,21.58, , , ,957,3063
2091,21.59, , , ,957,3063
2092,21.6, , , ,957,3062
2093,21.61, , , ,957,3065
2094,21.62, , , ,957,3063
2095,21.63, , , ,957,3063
2096,21.64, , , ,957,3063
2097,21.65, , , ,957,3064
2098,21.66, , , ,957,3063
2099,21.67, , , ,957,3064
2100,21.68, , , ,957,3064
2101,21.69, , , ,957,3064
2102,21.7, , , ,957,3063
2103,21.71, , , ,957,3062
2104,21.72, , , ,957,3063
2105,21.73, , , ,957,3064
2106,21.74, , , ,957,3061
2107,21.75, , , ,957,3063
2108,21.76, , , ,957,3064
2109,21.77, , , ,957,3063
2110,21.78, , , ,957,3062
2111,21.79, , , ,957,3063
2112,21.8, , , ,957,3063
2113,21.81, , , ,957,3062
2114,21.82, , , ,957,3064
2115,21.83, , , ,957,3063
2116,21.84, , , ,957,3061
2117,21.85, , , ,957,3063
2118,21.86, , , ,957,3063
2119,21.87, , , ,957,3063
2120,21.88, , , ,957,3061
2121,21.89, , , ,957,3064
2122,21.9, , , ,957,3063
2123,21.91, , , ,957,3063
2124,21.92, , , ,957,3063
2125,21.93, , , ,957,3063
2126,21.94, , , ,957,3062
2127,21.95, , , ,957,3063
2128,21.96, , , ,957,3063
2129,21.97, , , ,957,3063
2130,21.98, , , ,957,3063
2131,21.99, , , ,957,3062
2132,22, , , ,957,3063
2133,22.01, , , ,957,3064
2134,22.02, , , ,957,3063
2135,22.03, , , ,957,3063
2136,22.04, , , ,957,3063
2137,22.05, , , ,957,3062
2138,22.06, , , ,957,3062
2139,22.07, , , ,957,3063
2140,22.08, , , ,957,3063
2141,22.09, , , ,957,3063
2142,22.1, , , ,957,3063
2143,22.11, , , ,957,3064
2144,22.12, , , ,957,3063
2145,22.13, , , ,957,3062
2146,22.14, , , ,957,3064
2147,22.15, , , ,957,3063
2148,22.16, , , ,957,3063
2149,22.17, , , ,957,3063
2150,22.18, , , ,957,3061
2151,22.19, , , ,957,3063
2152,22.2, , , ,957,3064
2153,22.21, , , ,957,3061
2154,22.22, , , ,957,3063
2155,22.23, , , ,957,3062
2156,22.24, , , ,957,3063
2157,22.25, , , ,957,3065
2158,22.26, , , ,957,3063
2159,22.27, , , ,957,3063
2160,22.28, , , ,957,3064
2161,22.29, , , ,957,3063
2162,22.3, , , ,957,3063
2163,22.31, , , ,957,3064
2164,22.32, , , ,957,3063
2165,22.33, , , ,957,3063
2166,22.34, , , ,957,3063
2167,22.35, , , ,957,3064
2168,22.36, , , ,957,3063
2169,22.37, , , ,957,3062
2170,22.38, , , ,957,3062
2171,22.39, , , ,957,3062
2172,22.4, , , ,957,3063
2173,22.41, , , ,957,3062
2174,22.42, , , ,957,3064
2175,22.43, , , ,957,3063
2176,22.44, , , ,957,3063
2177,22.45, , , ,957,3063
2178,22.46, , , ,957,3062
2179,22.47, , , ,957,3065
2180,22.48, , , ,957,3064
2181,22.49, , , ,957,3064
2182,22.5, , , ,957,3063
2183,22.51, , , ,957,3063
2184,22.52, , , ,957,3062
2185,22.53, , , ,957,3062
2186,22.54, , , ,957,3063
2187,22.55, , , ,957,3062
2188,22.56, , , ,957,3064
2189,22.57, , , ,957,3064
2190,22.58, , , ,957,3063
2191,22.59, , , ,957,3063
2192,22.6, , , ,957,3061
2193,22.61, , , ,957,3063
2194,22.62, , , ,957,3063
2195,22.63, , , ,957,3065
2196,22.64, , , ,957,3063
2197,22.65, , , ,957,3063
2198,22.66, , , ,957,3063
2199,22.67, , , ,957,3063
2200,22.68, , , ,957,3063
2201,22.69, , , ,957,3063
2202,22.7, , , ,957,3063
2203,22.71, , , ,957,3062
2204,22.72, , , ,957,3063
2205,22.73, , , ,957,3064
2206,22.74, , , ,957,3063
2207,22.75, , , ,957,3063
2208,22.76, , , ,957,3063
2209,22.77, , , ,957,3064
2210,22.78, , , ,957,3064
2211,22.79, , , ,957,3063
2212,22.8, , , ,957,3062
2213,22.81, , , ,957,3063
2214,22.82, , , ,957,3065
2215,22.83, , , ,957,3063
2216,22.84, , , ,957,3064
2217,22.85, , , ,957,3063
2218,22.86, , , ,957,3063
2219,22.87, , , ,957,3063
2220,22.88, , , ,957,3063
2221,22.89, , , ,957,3063
2222,22.9, , , ,957,3063
2223,22.91, , , ,957,3064
2224,22.92, , , ,957,3063
2225,22.93, , , ,957,3063
2226,22.94, , , ,957,3063
2227,22.95, , , ,957,3064
2228,22.96, , , ,957,3064
2229,22.97, , , ,957,3063
2230,22.98, , , ,957,3064
2231,22.99, , , ,957,3063
2232,23, , , ,957,3063
2233,23.01, , , ,957,3063
2234,23.02, , , ,957,3063
2235,23.03, , , ,957,3063
2236,23.04, , , ,957,3063
2237,23.05, , , ,957,3062
2238,23.06, , , ,957,3064
2239,23.07, , , ,957,3063
2240,23.08, , , ,957,3062
2241,23.09, , , ,957,3062
2242,23.1, , , ,957,3064
2243,23.11, , , ,957,3063
2244,23.12, , , ,957,3063
2245,23.13, , , ,957,3063
2246,23.14, , , ,957,3064
2247,23.15, , , ,957,3064
2248,23.16, , , ,957,3061
2249,23.17, , , ,957,3063
2250,23.18, , , ,957,3062
2251,23.19, , , ,957,3061
2252,23.2, , , ,957,3062
2253,23.21, , , ,957,3063
2254,23.22, , , ,957,3063
2255,23.23, , , ,957,3063
2256,23.24, , , ,957,3062
2257,23.25, , , ,957,3062
2258,23.26, , , ,957,3063
2259,23.27, , , ,957,3064
2260,23.28, , , ,957,3063
2261,23.29, , , ,957,3063
2262,23.3, , , ,957,3064
2263,23.31, , , ,957,3065
2264,23.32, , , ,957,3063
2265,23.33, , , ,957,3063
2266,23.34, , , ,957,3062
2267,23.35, , , ,957,3063
2268,23.36, , , ,957,3062
2269,23.37, , , ,957,3063
2270,23.38, , , ,957,3063
2271,23.39, , , ,957,3064
2272,23.4, , , ,957,3063
2273,23.41, , , ,957,3065
2274,23.42, , , ,957,3063
2275,23.43, , , ,957,3063
2276,23.44, , , ,957,3064
2277,23.45, , , ,957,3063
2278,23.46, , , ,957,3063
2279,23.47, , , ,957,3062
2280,23.48, , , ,957,3062
2281,23.49, , , ,957,3063
2282,23.5, , , ,957,3063
2283,23.51, , , ,957,3063
2284,23.52, , , ,957,3063
2285,23.53, , , ,957,3063
2286,23.54, , , ,957,3062
2287,23.55, , , ,957,3066
2288,23.56, , , ,957,3064
2289,23.57, , , ,957,3063
2290,23.58, , , ,957,3062
2291,23.59, , , ,957,3062
2292,23.6, , , ,957,3063
2293,23.61, , , ,957,3063
2294,23.62, , , ,957,3063
2295,23.63, , , ,957,3064
2296,23.64, , , ,957,3063
2297,23.65, , , ,957,3064
2298,23.66, , , ,957,3064
2299,23.67, , , ,957,3063
2300,23.68, , , ,957,3061
2301,23.69, , , ,957,3064
2302,23.7, , , ,957,3064
2303,23.71, , , ,957,3062
2304,23.72, , , ,957,3063
2305,23.73, , , ,957,3062
2306,23.74, , , ,957,3063
2307,23.75, , , ,957,3063
2308,23.76, , , ,957,3063
2309,23.77, , , ,957,3064
2310,23.78, , , ,957,3064
2311,23.79, , , ,957,3064
2312,23.8, , , ,957,3064
2313,23.81, , , ,957,3064
2314,23.82, , , ,957,3063
2315,23.83, , , ,957,3063
2316,23.84, , , ,957,3063
2317,23.85, , , ,957,3062
2318,23.86, , , ,957,3063
2319,23.87, , , ,957,3063
2320,23.88, , , ,957,3063
2321,23.89, , , ,957,3062
2322,23.9, , , ,957,3064
2323,23.91, , , ,957,3062
2324,23.92, , , ,957,3063
2325,23.93, , , ,957,3065
2326,23.94, , , ,957,3064
2327,23.95, , , ,957,3063
2328,23.96, , , ,957,3063
2329,23.97, , , ,957,3064
2330,23.98, , , ,957,3063
2331,23.99, , , ,957,3064
2332,24, , , ,957,3063
2333,24.01, , , ,957,3063
2334,24.02, , , ,957,3064
2335,24.03, , , ,957,3061
2336,24.04, , , ,957,3063
2337,24.05, , , ,957,3063
2338,24.06, , , ,957,3063
2339,24.07, , , ,957,3063
2340,24.08, , , ,957,3063
2341,24.09, , , ,957,3063
2342,24.1, , , ,957,3064
2343,24.11, , , ,957,3064
2344,24.12, , , ,957,3063
2345,24.13, , , ,957,3063
2346,24.14, , , ,957,3063
2347,24.15, , , ,957,3063
2348,24.16, , , ,957,3064
2349,24.17, , , ,957,3062
2350,24.18, , , ,957,3062
2351,24.19, , , ,957,3063
2352,24.2, , , ,957,3064
2353,24.21, , , ,957,3063
2354,24.22, , , ,957,3062
2355,24.23, , , ,957,3064
2356,24.24, , , ,957,3062
2357,24.25, , , ,957,3064
2358,24.26, , , ,957,3063
2359,24.27, , , ,957,3063
2360,24.28, , , ,957,3062
2361,24.29, , , ,957,3064
2362,24.3, , , ,957,3063
2363,24.31, , , ,957,3064
2364,24.32, , , ,957,3064
2365,24.33, , , ,957,3065
2366,24.34, , , ,957,3064
2367,24.35, , , ,957,3062
2368,24.36, , , ,957,3064
2369,24.37, , , ,957,3063
2370,24.38, , , ,957,3062
2371,24.39, , , ,957,3062
2372,24.4, , , ,957,3063
2373,24.41, , , ,957,3063
2374,24.42, , , ,957,3064
2375,24.43, , , ,957,3063
2376,24.44, , , ,957,3064
2377,24.45, , , ,957,3063
2378,24.46, , , ,957,3064
2379,24.47, , , ,957,3063
2380,24.48, , , ,957,3064
2381,24.49, , , ,957,3062
2382,24.5, , , ,957,3063
2383,24.51, , , ,957,3062
2384,24.52, , , ,957,3062
2385,24.53, , , ,957,3063
2386,24.54, , , ,957,3063
2387,24.55, , , ,957,3063
2388,24.56, , , ,957,3062
2389,24.57, , , ,957,3063
2390,24.58, , , ,957,3063
2391,24.59, , , ,957,3063
2392,24.6, , , ,957,3063
2393,24.61, , , ,957,3064
2394,24.62, , , ,957,3064
2395,24.63, , , ,957,3063
2396,24.64, , , ,957,3063
2397,24.65, , , ,957,3064
2398,24.66, , , ,957,3064
2399,24.67, , , ,957,3063
2400,24.68, , , ,957,3062
2401,24.69, , , ,957,3064
2402,24.7, , , ,957,3064
2403,24.71, , , ,957,3063
2404,24.72, , , ,957,3064
2405,24.73, , , ,957,3063
2406,24.74, , , ,957,3064
2407,24.75, , , ,957,3064
2408,24.76, , , ,957,3063
2409,24.77, , , ,957,3063
2410,24.78, , , ,957,3062
2411,24.79, , , ,957,3063
2412,24.8, , , ,957,3062
2413,24.81, , , ,957,3063
2414,24.82, , , ,957,3063
2415,24.83, , , ,957,3063
2416,24.84, , , ,957,3063
2417,24.85, , , ,957,3063
2418,24.86, , , ,957,3063
2419,24.87, , , ,957,3063
2420,24.88, , , ,957,3063
2421,24.89, , , ,957,3063
2422,24.9, , , ,957,3064
2423,24.91, , , ,957,3063
2424,24.92, , , ,957,3062
2425,24.93, , , ,957,3063
2426,24.94, , , ,957,3063
2427,24.95, , , ,957,3063
2428,24.96, , , ,957,3064
2429,24.97, , , ,957,3062
2430,24.98, , , ,957,3062
2431,24.99, , , ,957,3063
2432,25, , , ,957,3064
2433,25.01, , , ,957,3064
2434,25.02, , , ,957,3062
2435,25.03, , , ,957,3062
2436,25.04, , , ,957,3065
2437,25.05, , , ,957,3063
2438,25.06, , , ,957,3062
2439,25.07, , , ,957,3064
2440,25.08, , , ,957,3063
2441,25.09, , , ,957,3063
2442,25.1, , , ,957,3064
2443,25.11, , , ,957,3064
2444,25.12, , , ,957,3064
2445,25.13, , , ,957,3063
2446,25.14, , , ,957,3063
2447,25.15, , , ,957,3064
2448,25.16, , , ,957,3062
2449,25.17, , , ,957,3062
2450,25.18, , , ,957,3063
2451,25.19, , , ,957,3063
2452,25.2, , , ,957,3062
2453,25.21, , , ,957,3063
2454,25.22, , , ,957,3062
2455,25.23, , , ,957,3063
2456,25.24, , , ,957,3063
2457,25.25, , , ,957,3064
2458,25.26, , , ,957,3063
2459,25.27, , , ,957,3063
2460,25.28, , , ,957,3064
2461,25.29, , , ,957,3065
2462,25.3, , , ,957,3063
2463,25.31, , , ,957,3064
2464,25.32, , , ,957,3064
2465,25.33, , , ,957,3063
2466,25.34, , , ,957,3062
2467,25.35, , , ,957,3064
2468,25.36, , , ,957,3065
2469,25.37, , , ,957,3063
2470,25.38, , , ,957,3064
2471,25.39, , , ,957,3063
2472,25.4, , , ,957,3064
2473,25.41, , , ,957,3064
2474,25.42, , , ,957,3064
2475,25.43, , , ,957,3063
2476,25.44, , , ,957,3062
2477,25.45, , , ,957,3065
2478,25.46, , , ,957,3063
2479,25.47, , , ,957,3064
2480,25.48, , , ,957,3063
2481,25.49, , , ,957,3064
2482,25.5, , , ,957,3063
2483,25.51, , , ,957,3063
2484,25.52, , , ,957,3064
2485,25.53, , , ,957,3064
2486,25.54, , , ,957,3062
2487,25.55, , , ,957,3064
2488,25.56, , , ,957,3063
2489,25.57, , , ,957,3063
2490,25.58, , , ,957,3062
2491,25.59, , , ,957,3063
2492,25.6, , , ,957,3063
2493,25.61, , , ,957,3063
2494,25.62, , , ,957,3063
2495,25.63, , , ,957,3063
2496,25.64, , , ,957,3063
2497,25.65, , , ,957,3063
2498,25.66, , , ,957,3063
2499,25.67, , , ,957,3062
2500,25.68, , , ,957,3063
2501,25.69, , , ,957,3064
2502,25.7, , , ,957,3063
2503,25.71, , , ,957,3064
2504,25.72, , , ,957,3063
2505,25.73, , , ,957,3063
2506,25.74, , , ,957,3063
2507,25.75, , , ,957,3063
2508,25.76, , , ,957,3064
2509,25.77, , , ,957,3064
2510,25.78, , , ,957,3063
2511,25.79, , , ,957,3062
2512,25.8, , , ,957,3063
2513,25.81, , , ,957,3064
2514,25.82, , , ,957,3062
2515,25.83, , , ,957,3063
2516,25.84, , , ,957,3062
2517,25.85, , , ,957,3064
2518,25.86, , , ,957,3063
2519,25.87, , , ,957,3062
2520,25.88, , , ,957,3062
2521,25.89, , , ,957,3062
2522,25.9, , , ,957,3063
2523,25.91, , , ,957,3064
2524,25.92, , , ,957,3063
2525,25.93, , , ,957,3064
2526,25.94, , , ,957,3064
2527,25.95, , , ,957,3063
2528,25.96, , , ,957,3063
2529,25.97, , , ,957,3064
2530,25.98, , , ,957,3062
2531,25.99, , , ,957,3064
2532,26, , , ,957,3063
2533,26.01, , , ,957,3063
2534,26.02, , , ,957,3063
2535,26.03, , , ,957,3064
2536,26.04, , , ,957,3063
2537,26.05, , , ,957,3064
2538,26.06, , , ,957,3063
2539,26.07, , , ,957,3064
2540,26.08, , , ,957,3063
2541,26.09, , , ,957,3064
2542,26.1, , , ,957,3063
2543,26.11, , , ,957,3064
2544,26.12, , , ,957,3063
2545,26.13, , , ,957,3063
2546,26.14, , , ,957,3064
2547,26.15, , , ,957,3063
2548,26.16, , , ,957,3064
2549,26.17, , , ,957,3063
2550,26.18, , , ,957,3063
2551,26.19, , , ,957,3063
2552,26.2, , , ,957,3064
2553,26.21, , , ,957,3064
2554,26.22, , , ,957,3063
2555,26.23, , , ,957,3063
2556,26.24, , , ,957,3063
2557,26.25, , , ,957,3063
2558,26.26, , , ,957,3062
2559,26.27, , , ,957,3063
2560,26.28, , , ,957,3064
2561,26.29, , , ,957,3062
2562,26.3, , , ,957,3064
2563,26.31, , , ,957,3063
2564,26.32, , , ,957,3062
2565,26.33, , , ,957,3063
2566,26.34, , , ,957,3064
2567,26.35, , , ,957,3062
2568,26.36, , , ,957,3063
2569,26.37, , , ,957,3063
2570,26.38, , , ,957,3062
2571,26.39, , , ,957,3064
2572,26.4, , , ,957,3063
2573,26.41, , , ,957,3064
2574,26.42, , , ,957,3063
2575,26.43, , , ,957,3064
2576,26.44, , , ,957,3063
2577,26.45, , , ,957,3064
2578,26.46, , , ,957,3063
2579,26.47, , , ,957,3062
2580,26.48, , , ,957,3063
2581,26.49, , , ,957,3063
2582,26.5, , , ,957,3064
2583,26.51, , , ,957,3063
2584,26.52, , , ,957,3063
2585,26.53, , , ,957,3064
2586,26.54, , , ,957,3063
2587,26.55, , , ,957,3063
2588,26.56, , , ,957,3063
2589,26.57, , , ,957,3063
2590,26.58, , , ,957,3063
2591,26.59, , , ,957,3062
2592,26.6, , , ,957,3064
2593,26.61, , , ,957,3063
2594,26.62, , , ,957,3063
2595,26.63, , , ,957,3064
2596,26.64, , , ,957,3063
2597,26.65, , , ,957,3064
2598,26.66, , , ,957,3064
2599,26.67, , , ,957,3064
2600,26.68, , , ,957,3063
2601,26.69, , , ,957,3064
2602,26.7, , , ,957,3064
2603,26.71, , , ,957,3064
2604,26.72, , , ,957,3062
2605,26.73, , , ,957,3064
2606,26.74, , , ,957,3064
2607,26.75, , , ,957,3063
2608,26.76, , , ,957,3063
2609,26.77, , , ,957,3062
2610,26.78, , , ,957,3063
2611,26.79, , , ,957,3063
2612,26.8, , , ,957,3062
2613,26.81, , , ,957,3064
2614,26.82, , , ,957,3062
2615,26.83, , , ,957,3063
2616,26.84, , , ,957,3063
2617,26.85, , , ,957,3064
2618,26.86, , , ,957,3063
2619,26.87, , , ,957,3062
2620,26.88, , , ,957,3063
2621,26.89, , , ,957,3063
2622,26.9, , , ,957,3063
2623,26.91, , , ,957,3063
2624,26.92, , , ,957,3065
2625,26.93, , , ,957,3063
2626,26.94, , , ,957,3063
2627,26.95, , , ,957,3064
2628,26.96, , , ,957,3063
2629,26.97, , , ,957,3062
2630,26.98, , , ,957,3064
2631,26.99, , , ,957,3063
2632,27, , , ,957,3063
2633,27.01, , , ,957,3064
2634,27.02, , , ,957,3063
2635,27.03, , , ,957,3063
2636,27.04, , , ,957,3063
2637,27.05, , , ,957,3063
2638,27.06, , , ,957,3063
2639,27.07, , , ,957,3061
2640,27.08, , , ,957,3064
2641,27.09, , , ,957,3062
2642,27.1, , , ,957,3064
2643,27.11, , , ,957,3063
2644,27.12, , , ,957,3063
2645,27.13, , , ,957,3062
2646,27.14, , , ,957,3062
2647,27.15, , , ,957,3065
2648,27.16, , , ,957,3062
2649,27.17, , , ,957,3063
2650,27.18, , , ,957,3064
2651,27.19, , , ,957,3063
2652,27.2, , , ,957,3063
2653,27.21, , , ,957,3063
2654,27.22, , , ,957,3062
2655,27.23, , , ,957,3064
2656,27.24, , , ,957,3064
2657,27.25, , , ,957,3064
2658,27.26, , , ,957,3064
2659,27.27, , , ,957,3064
2660,27.28, , , ,957,3062
2661,27.29, , , ,957,3064
2662,27.3, , , ,957,3063
2663,27.31, , , ,957,3063
2664,27.32, , , ,957,3062
2665,27.33, , , ,957,3063
2666,27.34, , , ,957,3065
2667,27.35, , , ,957,3065
2668,27.36, , , ,957,3063
2669,27.37, , , ,957,3064
2670,27.38, , , ,957,3064
2671,27.39, , , ,957,3062
2672,27.4, , , ,957,3064
2673,27.41, , , ,957,3064
2674,27.42, , , ,957,3063
2675,27.43, , , ,957,3064
2676,27.44, , , ,957,3063
2677,27.45, , , ,957,3063
2678,27.46, , , ,957,3063
2679,27.47, , , ,957,3063
2680,27.48, , , ,957,3064
2681,27.49, , , ,957,3064
2682,27.5, , , ,957,3063
2683,27.51, , , ,957,3064
2684,27.52, , , ,957,3063
2685,27.53, , , ,957,3063
2686,27.54, , , ,957,3063
2687,27.55, , , ,957,3065
2688,27.56, , , ,957,3064
2689,27.57, , , ,957,3064
2690,27.58, , , ,957,3063
2691,27.59, , , ,957,3064
2692,27.6, , , ,957,3062
2693,27.61, , , ,957,3064
2694,27.62, , , ,957,3063
2695,27.63, , , ,957,3063
2696,27.64, , , ,957,3064
2697,27.65, , , ,957,3065
2698,27.66, , , ,957,3063
2699,27.67, , , ,957,3063
2700,27.68, , , ,957,3064
2701,27.69, , , ,957,3066
2702,27.7, , , ,957,3063
2703,27.71, , , ,957,3064
2704,27.72, , , ,957,3063
2705,27.73, , , ,957,3063
2706,27.74, , , ,957,3063
2707,27.75, , , ,957,3063
2708,27.76, , , ,957,3064
2709,27.77, , , ,957,3063
2710,27.78, , , ,957,3061
2711,27.79, , , ,957,3064
2712,27.8, , , ,957,3063
2713,27.81, , , ,957,3063
2714,27.82, , , ,957,3063
2715,27.83, , , ,957,3062
2716,27.84, , , ,957,3063
2717,27.85, , , ,957,3063
2718,27.86, , , ,957,3064
2719,27.87, , , ,957,3063
2720,27.88, , , ,957,3063
2721,27.89, , , ,957,3064
2722,27.9, , , ,957,3062
2723,27.91, , , ,957,3063
2724,27.92, , , ,957,3063
2725,27.93, , , ,957,3064
2726,27.94, , , ,957,3061
2727,27.95, , , ,957,3062
2728,27.96, , , ,957,3062
2729,27.97, , , ,957,3065
2730,27.98, , , ,957,3064
2731,27.99, , , ,957,3063
2732,28, , , ,957,3064
2733,28.01, , , ,957,3064
2734,28.02, , , ,957,3062
2735,28.03, , , ,957,3063
2736,28.04, , , ,957,3063
2737,28.05, , , ,957,3062
2738,28.06, , , ,957,3063
2739,28.07, , , ,957,3064
2740,28.08, , , ,957,3064
2741,28.09, , , ,957,3063
2742,28.1, , , ,957,3064
2743,28.11, , , ,957,3062
2744,28.12, , , ,957,3063
2745,28.13, , , ,957,3063
2746,28.14, , , ,957,3063
2747,28.15, , , ,957,3062
2748,28.16, , , ,957,3064
2749,28.17, , , ,957,3063
2750,28.18, , , ,957,3063
2751,28.19, , , ,957,3062
2752,28.2, , , ,957,3063
2753,28.21, , , ,957,3063
2754,28.22, , , ,957,3064
2755,28.23, , , ,957,3063
2756,28.24, , , ,957,3064
2757,28.25, , , ,957,3064
2758,28.26, , , ,957,3065
2759,28.27, , , ,957,3063
2760,28.28, , , ,957,3063
2761,28.29, , , ,957,3063
2762,28.3, , , ,957,3063
2763,28.31, , , ,957,3063
2764,28.32, , , ,957,3063
2765,28.33, , , ,957,3064
2766,28.34, , , ,957,3063
2767,28.35, , , ,957,3062
2768,28.36, , , ,957,3063
2769,28.37, , , ,957,3063
2770,28.38, , , ,957,3063
2771,28.39, , , ,957,3064
2772,28.4, , , ,957,3064
2773,28.41, , , ,957,3063
2774,28.42, , , ,957,3063
2775,28.43, , , ,957,3064
2776,28.44, , , ,957,3063
2777,28.45, , , ,957,3062
2778,28.46, , , ,957,3063
2779,28.47, , , ,957,3063
2780,28.48, , , ,957,3063
2781,28.49, , , ,957,3062
2782,28.5, , , ,957,3063
2783,28.51, , , ,957,3062
2784,28.52, , , ,957,3064
2785,28.53, , , ,957,3064
2786,28.54, , , ,957,3063
2787,28.55, , , ,957,3063
2788,28.56, , , ,957,3063
2789,28.57, , , ,957,3062
2790,28.58, , , ,957,3064
2791,28.59, , , ,957,3063
2792,28.6, , , ,957,3062
2793,28.61, , , ,957,3063
2794,28.62, , , ,957,3064
2795,28.63, , , ,957,3063
2796,28.64, , , ,957,3063
2797,28.65, , , ,957,3063
2798,28.66, , , ,957,3063
2799,28.67, , , ,957,3064
2800,28.68, , , ,957,3064
2801,28.69, , , ,957,3063
2802,28.7, , , ,957,3063
2803,28.71, , , ,957,3063
2804,28.72, , , ,957,3063
2805,28.73, , , ,957,3064
2806,28.74, , , ,957,3064
2807,28.75, , , ,957,3063
2808,28.76, , , ,957,3063
2809,28.77, , , ,957,3063
2810,28.78, , , ,957,3062
2811,28.79, , , ,957,3062
2812,28.8, , , ,957,3063
2813,28.81, , , ,957,3063
2814,28.82, , , ,957,3063
2815,28.83, , , ,957,3065
2816,28.84, , , ,957,3063
2817,28.85, , , ,957,3063
2818,28.86, , , ,957,3064
2819,28.87, , , ,957,3062
2820,28.88, , , ,957,3063
2821,28.89, , , ,957,3063
2822,28.9, , , ,957,3063
2823,28.91, , , ,957,3063
2824,28.92, , , ,957,3063
2825,28.93, , , ,957,3064
2826,28.94, , , ,957,3064
2827,28.95, , , ,957,3062
2828,28.96, , , ,957,3064
2829,28.97, , , ,957,3063
2830,28.98, , , ,957,3063
2831,28.99, , , ,957,3065
2832,29, , , ,957,3064
2833,29.01, , , ,957,3062
2834,29.02, , , ,957,3062
2835,29.03, , , ,957,3063
2836,29.04, , , ,957,3061
2837,29.05, , , ,957,3063
2838,29.06, , , ,957,3064
2839,29.07, , , ,957,3063
2840,29.08, , , ,957,3065
2841,29.09, , , ,957,3063
2842,29.1, , , ,957,3064
2843,29.11, , , ,957,3061
2844,29.12, , , ,957,3064
2845,29.13, , , ,957,3064
2846,29.14, , , ,957,3064
2847,29.15, , , ,957,3063
2848,29.16, , , ,957,3063
2849,29.17, , , ,957,3063
2850,29.18, , , ,957,3063
2851,29.19, , , ,957,3063
2852,29.2, , , ,957,3063
2853,29.21, , , ,957,3062
2854,29.22, , , ,957,3063
2855,29.23, , , ,957,3064
2856,29.24, , , ,957,3064
2857,29.25, , , ,957,3064
2858,29.26, , , ,957,3064
2859,29.27, , , ,957,3063
2860,29.28, , , ,957,3062
2861,29.29, , , ,957,3064
2862,29.3, , , ,957,3062
2863,29.31, , , ,957,3063
2864,29.32, , , ,957,3064
2865,29.33, , , ,957,3063
2866,29.34, , , ,957,3063
2867,29.35, , , ,957,3063
2868,29.36, , , ,957,3064
2869,29.37, , , ,957,3063
2870,29.38, , , ,957,3064
2871,29.39, , , ,957,3064
2872,29.4, , , ,957,3062
2873,29.41, , , ,957,3063
2874,29.42, , , ,957,3063
2875,29.43, , , ,957,3064
2876,29.44, , , ,957,3064
2877,29.45, , , ,957,3064
2878,29.46, , , ,957,3060
2879,29.47, , , ,957,3064
2880,29.48, , , ,957,3062
2881,29.49, , , ,957,3063
2882,29.5, , , ,957,3063
2883,29.51, , , ,957,3063
2884,29.52, , , ,957,3063
2885,29.53, , , ,957,3063
2886,29.54, , , ,957,3064
2887,29.55, , , ,957,3063
2888,29.56, , , ,957,3064
2889,29.57, , , ,957,3063
2890,29.58, , , ,957,3062
2891,29.59, , , ,957,3063
2892,29.6, , , ,957,3063
2893,29.61, , , ,957,3063
2894,29.62, , , ,957,3062
2895,29.63, , , ,957,3062
2896,29.64, , , ,957,3064
2897,29.65, , , ,957,3064
2898,29.66, , , ,957,3063
2899,29.67, , , ,957,3062
2900,29.68, , , ,957,3063
2901,29.69, , , ,957,3063
2902,29.7, , , ,957,3063
2903,29.71, , , ,957,3063
2904,29.72, , , ,957,3064
2905,29.73, , , ,957,3063
2906,29.74, , , ,957,3062
2907,29.75, , , ,957,3064
2908,29.76, , , ,957,3063
2909,29.77, , , ,957,3063
2910,29.78, , , ,957,3063
2911,29.79, , , ,957,3062
2912,29.8, , , ,957,3062
2913,29.81, , , ,957,3063
2914,29.82, , , ,957,3063
2915,29.83, , , ,957,3063
2916,29.84, , , ,957,3064
2917,29.85, , , ,957,3063
2918,29.86, , , ,957,3063
2919,29.87, , , ,957,3064
2920,29.88, , , ,957,3064
2921,29.89, , , ,957,3064
2922,29.9, , , ,957,3063
2923,29.91, , , ,957,3063
2924,29.92, , , ,957,3063
2925,29.93, , , ,957,3063
2926,29.94, , , ,957,3064
2927,29.95, , , ,957,3063
2928,29.96, , , ,957,3063
2929,29.97, , , ,957,3062
2930,29.98, , , ,957,3063
2931,29.99, , , ,957,3064
2932,30, , , ,957,3063
2933,30.01, , , ,957,3063
2934,30.02, , , ,957,3064
2935,30.03, , , ,957,3063
2936,30.04, , , ,957,3062
2937,30.05, , , ,957,3063
2938,30.06, , , ,957,3063
2939,30.07, , , ,957,3064
2940,30.08, , , ,957,3064
2941,30.09, , , ,957,3062
2942,30.1, , , ,957,3063
2943,30.11, , , ,957,3061
2944,30.12, , , ,957,3062
2945,30.13, , , ,957,3063
2946,30.14, , , ,957,3063
2947,30.15, , , ,957,3063
2948,30.16, , , ,957,3062
2949,30.17, , , ,957,3064
2950,30.18, , , ,957,3063
2951,30.19, , , ,957,3063
2952,30.2, , , ,957,3063
2953,30.21, , , ,957,3063
2954,30.22, , , ,957,3064
2955,30.23, , , ,957,3064
2956,30.24, , , ,957,3064
2957,30.25, , , ,957,3063
2958,30.26, , , ,957,3063
2959,30.27, , , ,957,3063
2960,30.28, , , ,957,3062
2961,30.29, , , ,957,3062
2962,30.3, , , ,957,3064
2963,30.31, , , ,957,3063
2964,30.32, , , ,957,3064
2965,30.33, , , ,957,3063
2966,30.34, , , ,957,3063
2967,30.35, , , ,957,3063
2968,30.36, , , ,957,3062
2969,30.37, , , ,957,3063
2970,30.38, , , ,957,3064
2971,30.39, , , ,957,3064
2972,30.4, , , ,957,3063
2973,30.41, , , ,957,3063
2974,30.42, , , ,957,3062
2975,30.43, , , ,957,3063
2976,30.44, , , ,957,3063
2977,30.45, , , ,957,3062
2978,30.46, , , ,957,3062
2979,30.47, , , ,957,3061
2980,30.48, , , ,957,3063
2981,30.49, , , ,957,3064
2982,30.5, , , ,957,3063
2983,30.51, , , ,957,3063
2984,30.52, , , ,957,3063
2985,30.53, , , ,957,3063
2986,30.54, , , ,957,3064
2987,30.55, , , ,957,3064
2988,30.56, , , ,957,3064
2989,30.57, , , ,957,3063
2990,30.58, , , ,957,3064
2991,30.59, , , ,957,3064
2992,30.6, , , ,957,3064
2993,30.61, , , ,957,3063
2994,30.62, , , ,957,3064
2995,30.63, , , ,957,3063
2996,30.64, , , ,957,3063
2997,30.65, , , ,957,3064
2998,30.66, , , ,957,3064
2999,30.67, , , ,957,3063
3000,30.68, , , ,957,3063
3001,30.69, , , ,957,3063
3002,30.7, , , ,957,3062
3003,30.71, , , ,957,3063
3004,30.72, , , ,957,3063
3005,30.73, , , ,957,3065
3006,30.74, , , ,957,3064
3007,30.75, , , ,957,3062
3008,30.76, , , ,957,3065
3009,30.77, , , ,957,3064
3010,30.78, , , ,957,3063
3011,30.79, , , ,957,3063
3012,30.8, , , ,957,3063
3013,30.81, , , ,957,3064
3014,30.82, , , ,957,3063
3015,30.83, , , ,957,3063
3016,30.84, , , ,957,3063
3017,30.85, , , ,957,3064
3018,30.86, , , ,957,3063
3019,30.87, , , ,957,3064
3020,30.88, , , ,957,3063
3021,30.89, , , ,957,3062
3022,30.9, , , ,957,3064
3023,30.91, , , ,957,3063
3024,30.92, , , ,957,3063
3025,30.93, , , ,957,3063
3026,30.94, , , ,957,3063
3027,30.95, , , ,957,3063
3028,30.96, , , ,957,3063
3029,30.97, , , ,957,3064
3030,30.98, , , ,957,3064
3031,30.99, , , ,957,3063
3032,31, , , ,957,3064
3033,31.01, , , ,957,3063
3034,31.02, , , ,957,3063
3035,31.03, , , ,957,3063
3036,31.04, , , ,957,3063
3037,31.05, , , ,957,3063
3038,31.06, , , ,957,3062
3039,31.07, , , ,957,3064
3040,31.08, , , ,957,3064
3041,31.09, , , ,957,3062
3042,31.1, , , ,957,3062
3043,31.11, , , ,957,3062
3044,31.12, , , ,957,3062
3045,31.13, , , ,957,3064
3046,31.14, , , ,957,3064
3047,31.15, , , ,957,3064
3048,31.16, , , ,957,3063
3049,31.17, , , ,957,3063
3050,31.18, , , ,957,3063
3051,31.19, , , ,957,3063
3052,31.2, , , ,957,3062
3053,31.21, , , ,957,3063
3054,31.22, , , ,957,3064
3055,31.23, , , ,957,3063
3056,31.24, , , ,957,3063
3057,31.25, , , ,957,3062
3058,31.26, , , ,957,3063
3059,31.27, , , ,957,3063
3060,31.28, , , ,957,3062
3061,31.29, , , ,957,3064
3062,31.3, , , ,957,3064
3063,31.31, , , ,957,3062
3064,31.32, , , ,957,3063
3065,31.33, , , ,957,3063
3066,31.34, , , ,957,3064
3067,31.35, , , ,957,3063
3068,31.36, , , ,957,3063
3069,31.37, , , ,957,3063
3070,31.38, , , ,957,3064
3071,31.39, , , ,957,3063
3072,31.4, , , ,957,3062
3073,31.41, , , ,957,3064
3074,31.42, , , ,957,3062
3075,31.43, , , ,957,3063
3076,31.44, , , ,957,3063
3077,31.45, , , ,957,3063
3078,31.46, , , ,957,3063
3079,31.47, , , ,957,3061
3080,31.48, , , ,957,3063
3081,31.49, , , ,957,3063
3082,31.5, , , ,957,3065
3083,31.51, , , ,957,3063
3084,31.52, , , ,957,3063
3085,31.53, , , ,957,3063
3086,31.54, , , ,957,3063
3087,31.55, , , ,957,3063
3088,31.56, , , ,957,3063
3089,31.57, , , ,957,3065
3090,31.58, , , ,957,3064
3091,31.59, , , ,957,3063
3092,31.6, , , ,957,3061
3093,31.61, , , ,957,3061
3094,31.62, , , ,957,3063
3095,31.63, , , ,957,3062
3096,31.64, , , ,957,3063
3097,31.65, , , ,957,3063
3098,31.66, , , ,957,3063
3099,31.67, , , ,957,3063
3100,31.68, , , ,957,3064
3101,31.69, , , ,957,3063
3102,31.7, , , ,957,3064
3103,31.71, , , ,957,3064
3104,31.72, , , ,957,3065
3105,31.73, , , ,957,3063
3106,31.74, , , ,957,3063
3107,31.75, , , ,957,3064
3108,31.76, , , ,957,3062
3109,31.77, , , ,957,3064
3110,31.78, , , ,957,3063
3111,31.79, , , ,957,3063
3112,31.8, , , ,957,3063
3113,31.81, , , ,957,3063
3114,31.82, , , ,957,3064
3115,31.83, , , ,957,3063
3116,31.84, , , ,957,3063
3117,31.85, , , ,957,3063
3118,31.86, , , ,957,3064
3119,31.87, , , ,957,3063
3120,31.88, , , ,957,3063
3121,31.89, , , ,957,3064
3122,31.9, , , ,957,3063
3123,31.91, , , ,957,3062
3124,31.92, , , ,957,3063
3125,31.93, , , ,957,3063
3126,31.94, , , ,957,3062
3127,31.95, , , ,957,3062
3128,31.96, , , ,957,3063
3129,31.97, , , ,957,3064
3130,31.98, , , ,957,3063
3131,31.99, , , ,957,3063
3132,32, , , ,957,3064
3133,32.01, , , ,957,3063
3134,32.02, , , ,957,3063
3135,32.03, , , ,957,3062
3136,32.04, , , ,957,3063
3137,32.05, , , ,957,3064
3138,32.06, , , ,957,3062
3139,32.07, , , ,957,3064
3140,32.08, , , ,957,3063
3141,32.09, , , ,957,3063
3142,32.1, , , ,957,3061
3143,32.11, , , ,957,3063
3144,32.12, , , ,957,3065
3145,32.13, , , ,957,3063
3146,32.14, , , ,957,3063
3147,32.15, , , ,957,3063
3148,32.16, , , ,957,3063
3149,32.17, , , ,957,3063
3150,32.18, , , ,957,3063
3151,32.19, , , ,957,3063
3152,32.2, , , ,957,3062
3153,32.21, , , ,957,3064
3154,32.22, , , ,957,3063
3155,32.23, , , ,957,3064
3156,32.24, , , ,957,3063
3157,32.25, , , ,957,3064
3158,32.26, , , ,957,3062
3159,32.27, , , ,957,3064
3160,32.28, , , ,957,3063
3161,32.29, , , ,957,3063
3162,32.3, , , ,957,3063
3163,32.31, , , ,957,3062
3164,32.32, , , ,957,3063
3165,32.33, , , ,957,3063
3166,32.34, , , ,957,3062
3167,32.35, , , ,957,3063
3168,32.36, , , ,957,3062
3169,32.37, , , ,957,3063
3170,32.38, , , ,957,3063
3171,32.39, , , ,957,3062
3172,32.4, , , ,957,3064
3173,32.41, , , ,957,3063
3174,32.42, , , ,957,3063
3175,32.43, , , ,957,3062
3176,32.44, , , ,957,3063
3177,32.45, , , ,957,3062
3178,32.46, , , ,957,3063
3179,32.47, , , ,957,3065
3180,32.48, , , ,957,3064
3181,32.49, , , ,957,3063
3182,32.5, , , ,957,3064
3183,32.51, , , ,957,3063
3184,32.52, , , ,957,3062
3185,32.53, , , ,957,3064
3186,32.54, , , ,957,3061
3187,32.55, , , ,957,3062
3188,32.56, , , ,957,3063
3189,32.57, , , ,957,3064
3190,32.58, , , ,957,3063
3191,32.59, , , ,957,3064
3192,32.6, , , ,957,3060
3193,32.61, , , ,957,3062
3194,32.62, , , ,957,3064
3195,32.63, , , ,957,3062
3196,32.64, , , ,957,3064
3197,32.65, , , ,957,3063
3198,32.66, , , ,957,3063
3199,32.67, , , ,957,3063
3200,32.68, , , ,957,3065
3201,32.69, , , ,957,3064
3202,32.7, , , ,957,3063
3203,32.71, , , ,957,3062
3204,32.72, , , ,957,3064
3205,32.73, , , ,957,3062
3206,32.74, , , ,957,3064
3207,32.75, , , ,957,3063
3208,32.76, , , ,957,3063
3209,32.77, , , ,957,3063
3210,32.78, , , ,957,3063
3211,32.79, , , ,957,3063
3212,32.8, , , ,957,3062
3213,32.81, , , ,957,3063
3214,32.82, , , ,957,3065
3215,32.83, , , ,957,3063
3216,32.84, , , ,957,3063
3217,32.85, , , ,957,3064
3218,32.86, , , ,957,3063
3219,32.87, , , ,957,3063
3220,32.88, , , ,957,3063
3221,32.89, , , ,957,3064
3222,32.9, , , ,957,3064
3223,32.91, , , ,957,3063
3224,32.92, , , ,957,3063
3225,32.93, , , ,957,3062
3226,32.94, , , ,957,3063
3227,32.95, , , ,957,3062
3228,32.96, , , ,957,3063
3229,32.97, , , ,957,3062
3230,32.98, , , ,957,3063
3231,32.99, , , ,957,3062
3232,33, , , ,957,3063
3233,33.01, , , ,957,3062
3234,33.02, , , ,957,3064
3235,33.03, , , ,957,3063
3236,33.04, , , ,957,3063
3237,33.05, , , ,957,3063
3238,33.06, , , ,957,3064
3239,33.07, , , ,957,3064
3240,33.08, , , ,957,3063
3241,33.09, , , ,957,3063
3242,33.1, , , ,957,3062
3243,33.11, , , ,957,3063
3244,33.12, , , ,957,3063
3245,33.13, , , ,957,3063
3246,33.14, , , ,957,3063
3247,33.15, , , ,957,3063
3248,33.16, , , ,957,3063
3249,33.17, , , ,957,3064
3250,33.18, , , ,957,3063
3251,33.19, , , ,957,3061
3252,33.2, , , ,957,3063
3253,33.21, , , ,957,3063
3254,33.22, , , ,957,3063
3255,33.23, , , ,957,3063
3256,33.24, , , ,957,3063
3257,33.25, , , ,957,3063
3258,33.26, , , ,957,3064
3259,33.27, , , ,957,3064
3260,33.28, , , ,957,3063
3261,33.29, , , ,957,3062
3262,33.3, , , ,957,3063
3263,33.31, , , ,957,3063
3264,33.32, , , ,957,3065
3265,33.33, , , ,957,3062
3266,33.34, , , ,957,3063
3267,33.35, , , ,957,3063
3268,33.36, , , ,957,3062
3269,33.37, , , ,957,3064
3270,33.38, , , ,957,3065
3271,33.39, , , ,957,3063
3272,33.4, , , ,957,3064
3273,33.41, , , ,957,3063
3274,33.42, , , ,957,3063
3275,33.43, , , ,957,3063
3276,33.44, , , ,957,3062
3277,33.45, , , ,957,3063
3278,33.46, , , ,957,3063
3279,33.47, , , ,957,3064
3280,33.48, , , ,957,3063
3281,33.49, , , ,957,3063
3282,33.5, , , ,957,3063
3283,33.51, , , ,957,3062
3284,33.52, , , ,957,3063
3285,33.53, , , ,957,3062
3286,33.54, , , ,957,3063
3287,33.55, , , ,957,3063
3288,33.56, , , ,957,3064
3289,33.57, , , ,957,3064
3290,33.58, , , ,957,3063
3291,33.59, , , ,957,3064
3292,33.6, , , ,957,3063
3293,33.61, , , ,957,3062
3294,33.62, , , ,957,3062
3295,33.63, , , ,957,3063
3296,33.64, , , ,957,3062
3297,33.65, , , ,957,3063
3298,33.66, , , ,957,3064
3299,33.67, , , ,957,3062
3300,33.68, , , ,957,3063
3301,33.69, , , ,957,3062
3302,33.7, , , ,957,3063
3303,33.71, , , ,957,3063
3304,33.72, , , ,957,3064
3305,33.73, , , ,957,3063
3306,33.74, , , ,957,3064
3307,33.75, , , ,957,3062
3308,33.76, , , ,957,3063
3309,33.77, , , ,957,3064
3310,33.78, , , ,957,3063
3311,33.79, , , ,957,3063
3312,33.8, , , ,957,3063
3313,33.81, , , ,957,3063
3314,33.82, , , ,957,3063
3315,33.83, , , ,957,3064
3316,33.84, , , ,957,3063
3317,33.85, , , ,957,3063
3318,33.86, , , ,957,3064
3319,33.87, , , ,957,3064
3320,33.88, , , ,957,3063
3321,33.89, , , ,957,3064
3322,33.9, , , ,957,3063
3323,33.91, , , ,957,3063
3324,33.92, , , ,957,3063
3325,33.93, , , ,957,3063
3326,33.94, , , ,957,3063
3327,33.95, , , ,957,3063
3328,33.96, , , ,957,3063
3329,33.97, , , ,957,3063
3330,33.98, , , ,957,3063
3331,33.99, , , ,957,3064
3332,34, , , ,957,3062
3333,34.01, , , ,957,3064
3334,34.02, , , ,957,3063
3335,34.03, , , ,957,3064
3336,34.04, , , ,957,3064
3337,34.05, , , ,957,3063
3338,34.06, , , ,957,3063
3339,34.07, , , ,957,3063
3340,34.08, , , ,957,3063
3341,34.09, , , ,957,3063
3342,34.1, , , ,957,3064
3343,34.11, , , ,957,3063
3344,34.12, , , ,957,3063
3345,34.13, , , ,957,3063
3346,34.14, , , ,957,3063
3347,34.15, , , ,957,3061
3348,34.16, , , ,957,3063
3349,34.17, , , ,957,3062
3350,34.18, , , ,957,3064
3351,34.19, , , ,957,3064
3352,34.2, , , ,957,3063
3353,34.21, , , ,957,3064
3354,34.22, , , ,957,3063
3355,34.23, , , ,957,3063
3356,34.24, , , ,957,3063
3357,34.25, , , ,957,3062
3358,34.26, , , ,957,3063
3359,34.27, , , ,957,3063
3360,34.28, , , ,957,3063
3361,34.29, , , ,957,3066
3362,34.3, , , ,957,3064
3363,34.31, , , ,957,3062
3364,34.32, , , ,957,3062
3365,34.33, , , ,957,3063
3366,34.34, , , ,957,3062
3367,34.35, , , ,957,3062
3368,34.36, , , ,957,3062
3369,34.37, , , ,957,3063
3370,34.38, , , ,957,3064
3371,34.39, , , ,957,3062
3372,34.4, , , ,957,3063
3373,34.41, , , ,957,3064
3374,34.42, , , ,957,3063
3375,34.43, , , ,957,3066
3376,34.44, , , ,957,3063
3377,34.45, , , ,957,3063
3378,34.46, , , ,957,3063
3379,34.47, , , ,957,3063
3380,34.48, , , ,957,3063
3381,34.49, , , ,957,3064
3382,34.5, , , ,957,3064
3383,34.51, , , ,957,3063
3384,34.52, , , ,957,3064
3385,34.53, , , ,957,3062
3386,34.54, , , ,957,3063
3387,34.55, , , ,957,3063
3388,34.56, , , ,957,3064
3389,34.57, , , ,957,3064
3390,34.58, , , ,957,3064
3391,34.59, , , ,957,3061
3392,34.6, , , ,957,3063
3393,34.61, , , ,957,3064
3394,34.62, , , ,957,3063
3395,34.63, , , ,957,3062
3396,34.64, , , ,957,3062
3397,34.65, , , ,957,3063
3398,34.66, , , ,957,3064
3399,34.67, , , ,957,3064
3400,34.68, , , ,957,3062
3401,34.69, , , ,957,3063
3402,34.7, , , ,957,3062
3403,34.71, , , ,957,3065
3404,34.72, , , ,957,3063
3405,34.73, , , ,957,3063
3406,34.74, , , ,957,3063
3407,34.75, , , ,957,3063
3408,34.76, , , ,957,3064
3409,34.77, , , ,957,3063
3410,34.78, , , ,957,3063
3411,34.79, , , ,957,3062
3412,34.8, , , ,957,3063
3413,34.81, , , ,957,3063
3414,34.82, , , ,957,3063
3415,34.83, , , ,957,3063
3416,34.84, , , ,957,3063
3417,34.85, , , ,957,3063
3418,34.86, , , ,957,3062
3419,34.87, , , ,957,3063
3420,34.88, , , ,957,3063
3421,34.89, , , ,957,3063
3422,34.9, , , ,957,3063
3423,34.91, , , ,957,3062
3424,34.92, , , ,957,3063
3425,34.93, , , ,957,3063
3426,34.94, , , ,957,3064
3427,34.95, , , ,957,3063
3428,34.96, , , ,957,3062
3429,34.97, , , ,957,3063
3430,34.98, , , ,957,3063
3431,34.99, , , ,957,3063
3432,35, , , ,957,3064
3433,35.01, , , ,957,3064
3434,35.02, , , ,957,3063
3435,35.03, , , ,957,3062
3436,35.04, , , ,957,3062
3437,35.05, , , ,957,3063
3438,35.06, , , ,957,3062
3439,35.07, , , ,957,3063
3440,35.08, , , ,957,3063
3441,35.09, , , ,957,3061
3442,35.1, , , ,957,3062
3443,35.11, , , ,957,3065
3444,35.12, , , ,957,3062
3445,35.13, , , ,957,3063
3446,35.14, , , ,957,3062
3447,35.15, , , ,957,3063
3448,35.16, , , ,957,3063
3449,35.17, , , ,957,3065
3450,35.18, , , ,957,3062
3451,35.19, , , ,957,3064
3452,35.2, , , ,957,3064
3453,35.21, , , ,957,3063
3454,35.22, , , ,957,3063
3455,35.23, , , ,957,3062
3456,35.24, , , ,957,3062
3457,35.25, , , ,957,3063
3458,35.26, , , ,957,3064
3459,35.27, , , ,957,3064
3460,35.28, , , ,957,3062
3461,35.29, , , ,957,3064
3462,35.3, , , ,957,3063
3463,35.31, , , ,957,3064
3464,35.32, , , ,957,3063
3465,35.33, , , ,957,3064
3466,35.34, , , ,957,3063
3467,35.35, , , ,957,3063
3468,35.36, , , ,957,3065
3469,35.37, , , ,957,3063
3470,35.38, , , ,957,3063
3471,35.39, , , ,957,3063
3472,35.4, , , ,957,3064
3473,35.41, , , ,957,3064
3474,35.42, , , ,957,3063
3475,35.43, , , ,957,3064
3476,35.44, , , ,957,3063
3477,35.45, , , ,957,3062
3478,35.46, , , ,957,3064
3479,35.47, , , ,957,3063
3480,35.48, , , ,957,3063
3481,35.49, , , ,957,3063
3482,35.5, , , ,957,3064
3483,35.51, , , ,957,3064
3484,35.52, , , ,957,3063
3485,35.53, , , ,957,3063
3486,35.54, , , ,957,3063
3487,35.55, , , ,957,3062
3488,35.56, , , ,957,3062
3489,35.57, , , ,957,3062
3490,35.58, , , ,957,3062
3491,35.59, , , ,957,3062
3492,35.6, , , ,957,3062
3493,35.61, , , ,957,3063
3494,35.62, , , ,957,3063
3495,35.63, , , ,957,3063
3496,35.64, , , ,957,3063
3497,35.65, , , ,957,3063
3498,35.66, , , ,957,3064
3499,35.67, , , ,957,3064
3500,35.68, , , ,957,3063
3501,35.69, , , ,957,3064
3502,35.7, , , ,957,3063
3503,35.71, , , ,957,3063
3504,35.72, , , ,957,3063
3505,35.73, , , ,957,3063
3506,35.74, , , ,957,3062
3507,35.75, , , ,957,3063
3508,35.76, , , ,957,3062
3509,35.77, , , ,957,3062
3510,35.78, , , ,957,3064
3511,35.79, , , ,957,3063
3512,35.8, , , ,957,3063
3513,35.81, , , ,957,3063
3514,35.82, , , ,957,3063
3515,35.83, , , ,957,3063
3516,35.84, , , ,957,3064
3517,35.85, , , ,957,3063
3518,35.86, , , ,957,3064
3519,35.87, , , ,957,3063
3520,35.88, , , ,957,3062
3521,35.89, , , ,957,3063
3522,35.9, , , ,957,3064
3523,35.91, , , ,957,3064
3524,35.92, , , ,957,3063
3525,35.93, , , ,957,3063
3526,35.94, , , ,957,3063
3527,35.95, , , ,957,3063
3528,35.96, , , ,957,3064
3529,35.97, , , ,957,3063
3530,35.98, , , ,957,3063
3531,35.99, , , ,957,3063
3532,36, , , ,957,3063
3533,36.01, , , ,957,3063
3534,36.02, , , ,957,3064
3535,36.03, , , ,957,3064
3536,36.04, , , ,957,3062
3537,36.05, , , ,957,3062
3538,36.06, , , ,957,3063
3539,36.07, , , ,957,3063
3540,36.08, , , ,957,3063
3541,36.09, , , ,957,3062
3542,36.1, , , ,957,3063
3543,36.11, , , ,957,3064
3544,36.12, , , ,957,3064
3545,36.13, , , ,957,3064
3546,36.14, , , ,957,3063
3547,36.15, , , ,957,3064
3548,36.16, , , ,957,3063
3549,36.17, , , ,957,3063
3550,36.18, , , ,957,3062
3551,36.19, , , ,957,3062
3552,36.2, , , ,957,3062
3553,36.21, , , ,957,3060
3554,36.22, , , ,957,3063
3555,36.23, , , ,957,3063
3556,36.24, , , ,957,3062
3557,36.25, , , ,957,3062
3558,36.26, , , ,957,3063
3559,36.27, , , ,957,3062
3560,36.28, , , ,957,3064
3561,36.29, , , ,957,3064
3562,36.3, , , ,957,3063
3563,36.31, , , ,957,3063
3564,36.32, , , ,957,3063
3565,36.33, , , ,957,3063
3566,36.34, , , ,957,3063
3567,36.35, , , ,957,3064
3568,36.36, , , ,957,3062
3569,36.37, , , ,957,3062
3570,36.38, , , ,957,3062
3571,36.39, , , ,957,3063
3572,36.4, , , ,957,3064
3573,36.41, , , ,957,3063
3574,36.42, , , ,957,3064
3575,36.43, , , ,957,3062
3576,36.44, , , ,957,3063
3577,36.45, , , ,957,3062
3578,36.46, , , ,957,3064
3579,36.47, , , ,957,3062
3580,36.48, , , ,957,3063
3581,36.49, , , ,957,3063
3582,36.5, , , ,957,3064
3583,36.51, , , ,957,3061
3584,36.52, , , ,957,3062
3585,36.53, , , ,957,3063
3586,36.54, , , ,957,3062
3587,36.55, , , ,957,3063
3588,36.56, , , ,957,3062
3589,36.57, , , ,957,3062
3590,36.58, , , ,957,3063
3591,36.59, , , ,957,3064
3592,36.6, , , ,957,3063
3593,36.61, , , ,957,3063
3594,36.62, , , ,957,3063
3595,36.63, , , ,957,3063
3596,36.64, , , ,957,3065
3597,36.65, , , ,957,3063
3598,36.66, , , ,957,3063
3599,36.67, , , ,957,3063
3600,36.68, , , ,957,3064
3601,36.69, , , ,957,3063
3602,36.7, , , ,957,3063
3603,36.71, , , ,957,3063
3604,36.72, , , ,957,3062
3605,36.73, , , ,957,3062
3606,36.74, , , ,957,3064
3607,36.75, , , ,957,3062
3608,36.76, , , ,957,3062
3609,36.77, , , ,957,3062
3610,36.78, , , ,957,3063
3611,36.79, , , ,957,3062
3612,36.8, , , ,957,3065
3613,36.81, , , ,957,3063
3614,36.82, , , ,957,3063
3615,36.83, , , ,957,3063
3616,36.84, , , ,957,3063
3617,36.85, , , ,957,3064
3618,36.86, , , ,957,3063
3619,36.87, , , ,957,3063
3620,36.88, , , ,957,3064
3621,36.89, , , ,957,3062
3622,36.9, , , ,957,3063
3623,36.91, , , ,957,3063
3624,36.92, , , ,957,3063
3625,36.93, , , ,957,3062
3626,36.94, , , ,957,3063
3627,36.95, , , ,957,3063
3628,36.96, , , ,957,3064
3629,36.97, , , ,957,3064
3630,36.98, , , ,957,3063
3631,36.99, , , ,957,3064
3632,37, , , ,957,3063
3633,37.01, , , ,957,3064
3634,37.02, , , ,957,3062
3635,37.03, , , ,957,3063
3636,37.04, , , ,957,3062
3637,37.05, , , ,957,3064
3638,37.06, , , ,957,3063
3639,37.07, , , ,957,3062
3640,37.08, , , ,957,3062
3641,37.09, , , ,957,3064
3642,37.1, , , ,957,3062
3643,37.11, , , ,957,3063
3644,37.12, , , ,957,3063
3645,37.13, , , ,957,3063
3646,37.14, , , ,957,3064
3647,37.15, , , ,957,3063
3648,37.16, , , ,957,3063
3649,37.17, , , ,957,3064
3650,37.18, , , ,957,3062
3651,37.19, , , ,957,3063
3652,37.2, , , ,957,3063
3653,37.21, , , ,957,3064
3654,37.22, , , ,957,3062
3655,37.23, , , ,957,3064
3656,37.24, , , ,957,3064
3657,37.25, , , ,957,3064
3658,37.26, , , ,957,3063
3659,37.27, , , ,957,3064
3660,37.28, , , ,957,3063
3661,37.29, , , ,957,3064
3662,37.3, , , ,957,3064
3663,37.31, , , ,957,3064
3664,37.32, , , ,957,3062
3665,37.33, , , ,957,3063
3666,37.34, , , ,957,3063
3667,37.35, , , ,957,3063
3668,37.36, , , ,957,3063
3669,37.37, , , ,957,3063
3670,37.38, , , ,957,3063
3671,37.39, , , ,957,3062
3672,37.4, , , ,957,3063
3673,37.41, , , ,957,3062
3674,37.42, , , ,957,3063
3675,37.43, , , ,957,3064
3676,37.44, , , ,957,3063
3677,37.45, , , ,957,3064
3678,37.46, , , ,957,3063
3679,37.47, , , ,957,3063
3680,37.48, , , ,957,3063
3681,37.49, , , ,957,3064
3682,37.5, , , ,957,3062
3683,37.51, , , ,957,3062
3684,37.52, , , ,957,3063
3685,37.53, , , ,957,3063
3686,37.54, , , ,957,3062
3687,37.55, , , ,957,3063
3688,37.56, , , ,957,3063
3689,37.57, , , ,957,3063
3690,37.58, , , ,957,3064
3691,37.59, , , ,957,3063
3692,37.6, , , ,957,3063
3693,37.61, , , ,957,3063
3694,37.62, , , ,957,3063
3695,37.63, , , ,957,3064
3696,37.64, , , ,957,3062
3697,37.65, , , ,957,3063
3698,37.66, , , ,957,3062
3699,37.67, , , ,957,3061
3700,37.68, , , ,957,3063
3701,37.69, , , ,957,3063
3702,37.7, , , ,957,3063
3703,37.71, , , ,957,3062
3704,37.72, , , ,957,3063
3705,37.73, , , ,957,3063
3706,37.74, , , ,957,3062
3707,37.75, , , ,957,3063
3708,37.76, , , ,957,3063
3709,37.77, , , ,957,3063
3710,37.78, , , ,957,3063
3711,37.79, , , ,957,3063
3712,37.8, , , ,957,3064
3713,37.81, , , ,957,3063
3714,37.82, , , ,957,3063
3715,37.83, , , ,957,3063
3716,37.84, , , ,957,3063
3717,37.85, , , ,957,3064
3718,37.86, , , ,957,3066
3719,37.87, , , ,957,3063
3720,37.88, , , ,957,3063
3721,37.89, , , ,957,3063
3722,37.9, , , ,957,3064
3723,37.91, , , ,957,3063
3724,37.92, , , ,957,3063
3725,37.93, , , ,957,3063
3726,37.94, , , ,957,3063
3727,37.95, , , ,957,3063
3728,37.96, , , ,957,3063
3729,37.97, , , ,957,3063
3730,37.98, , , ,957,3064
3731,37.99, , , ,957,3063
3732,38, , , ,957,3064
3733,38.01, , , ,957,3064
3734,38.02, , , ,957,3064
3735,38.03, , , ,957,3063
3736,38.04, , , ,957,3062
3737,38.05, , , ,957,3063
3738,38.06, , , ,957,3063
3739,38.07, , , ,957,3063
3740,38.08, , , ,957,3062
3741,38.09, , , ,957,3064
3742,38.1, , , ,957,3063
3743,38.11, , , ,957,3063
3744,38.12, , , ,957,3065
3745,38.13, , , ,957,3063
3746,38.14, , , ,957,3063
3747,38.15, , , ,957,3063
3748,38.16, , , ,957,3063
3749,38.17, , , ,957,3062
3750,38.18, , , ,957,3062
3751,38.19, , , ,957,3064
3752,38.2, , , ,957,3063
3753,38.21, , , ,957,3062
3754,38.22, , , ,957,3062
3755,38.23, , , ,957,3063
3756,38.24, , , ,957,3062
3757,38.25, , , ,957,3062
3758,38.26, , , ,957,3063
3759,38.27, , , ,957,3063
3760,38.28, , , ,957,3063
3761,38.29, , , ,957,3064
3762,38.3, , , ,957,3063
3763,38.31, , , ,957,3063
3764,38.32, , , ,957,3063
3765,38.33, , , ,957,3063
3766,38.34, , , ,957,3061
3767,38.35, , , ,957,3062
3768,38.36, , , ,957,3063
3769,38.37, , , ,957,3063
3770,38.38, , , ,957,3062
3771,38.39, , , ,957,3063
3772,38.4, , , ,957,3062
3773,38.41, , , ,957,3064
3774,38.42, , , ,957,3063
3775,38.43, , , ,957,3064
3776,38.44, , , ,957,3064
3777,38.45, , , ,957,3062
3778,38.46, , , ,957,3063
3779,38.47, , , ,957,3062
3780,38.48, , , ,957,3062
3781,38.49, , , ,957,3062
3782,38.5, , , ,957,3062
3783,38.51, , , ,957,3064
3784,38.52, , , ,957,3063
3785,38.53, , , ,957,3064
3786,38.54, , , ,957,3064
3787,38.55, , , ,957,3063
