-2.914818,-91.226738,-7.720465,-77.01738,-2.471872,-77.363892,-5.248592,0.346512,0,5.260018,1,127,,,,
-2.914818,-91.226738,-7.720465,-77.01738,-2.471872,-77.363892,-5.248592,0.346512,0,5.260018,1,127,,,,
-2.892956,-91.065903,-7.553542,-76.808311,-2.464702,-77.139465,-5.08884,0.331154,0,5.099604,1,127,,,,
-3.032162,-90.536903,-7.583633,-76.244102,-2.446866,-76.581253,-5.136767,0.337151,0,5.14782,1,127,,,,
-3.20134,-89.864426,-7.716381,-75.560074,-2.425556,-75.914314,-5.290824,0.35424,0,5.30267,1,127,,,,
-3.426867,-88.942612,-7.868958,-74.61544,-2.396054,-74.990952,-5.472904,0.375511,0,5.485771,1,127,,,,
-3.723429,-87.865028,-8.092455,-73.515411,-2.361892,-73.921753,-5.730563,0.406342,0,5.744952,1,127,,,,
-4.113012,-86.714424,-8.555102,-72.387253,-2.327771,-72.853867,-6.227331,0.466614,0,6.244788,1,127,,,,
-4.441474,-85.354683,-8.773926,-70.993973,-2.284437,-71.497604,-6.489489,0.503632,0,6.509002,1,127,,,,
-4.889687,-83.92984,-9.258713,-69.580215,-2.241626,-70.157715,-7.017087,0.577499,0,7.040811,1,127,,,,
-5.340927,-82.467865,-9.709953,-68.11824,-2.197342,-68.771721,-7.512611,0.653481,0,7.540979,1,127,,,,
-5.78659,-81.029831,-10.228682,-66.70266,-2.155046,-67.44796,-8.073636,0.7453,0,8.107964,1,127,,,,
-6.203337,-79.442902,-10.462554,-65.060303,-2.104391,-65.862579,-8.358163,0.802277,0,8.396579,1,127,,,,
-6.662028,-77.907059,-10.921244,-63.52446,-2.058412,-64.423546,-8.862831,0.899086,0,8.908319,1,127,,,,
-7.084001,-76.347687,-11.233158,-61.932953,-2.010095,-62.91132,-9.223063,0.978367,0,9.27481,1,127,,,,
-7.557765,-74.752777,-11.596622,-60.306751,-1.961176,-61.380287,-9.635447,1.073536,0,9.695066,1,127,,,,
-7.922369,-73.190742,-11.739925,-58.684666,-1.911225,-59.816914,-9.828701,1.132248,0,9.893703,1,127,,,,
-8.361815,-71.749222,-12.105402,-57.223877,-1.867884,-58.460449,-10.237518,1.236572,0,10.31193,1,127,,,,
-8.854529,-70.207352,-12.412777,-55.635498,-1.8204,-56.974308,-10.592377,1.33881,0,10.67665,1,127,,,,
-9.2085,-68.631805,-12.431694,-53.982197,-1.769042,-55.366913,-10.662653,1.384716,0,10.752191,1,127,,,,
-9.51659,-67.058769,-12.440536,-52.346512,-1.718244,-53.777054,-10.722292,1.430542,0,10.817301,1,127,,,,
-9.842305,-65.513855,-12.616161,-50.77256,-1.670726,-52.289856,-10.945436,1.517296,0,11.050101,1,127,,,,
-10.059485,-64.023102,-12.532313,-49.228333,-1.622247,-50.772591,-10.910067,1.544258,0,11.018815,1,127,,,,
-10.377306,-62.610283,-12.585892,-47.773769,-1.577708,-49.378628,-11.008183,1.604858,0,11.124553,1,127,,,,
-10.606168,-61.122093,-12.360171,-46.224998,-1.528054,-47.82457,-10.832117,1.599571,0,10.949584,1,127,,,,
-10.795136,-59.714027,-12.207109,-44.780632,-1.482249,-46.390965,-10.724861,1.610332,0,10.845082,1,127,,,,
-10.952993,-58.276398,-11.945935,-43.309299,-1.434729,-44.903702,-10.511207,1.594402,0,10.631443,1,127,,,,
-11.135396,-56.765835,-11.632142,-41.774063,-1.384806,-43.341221,-10.247336,1.567158,0,10.366479,1,127,,,,
-11.261104,-55.334137,-11.299325,-40.334187,-1.337659,-41.865643,-9.961666,1.531456,0,10.078698,1,127,,,,
-11.361552,-53.960808,-10.979414,-38.965675,-1.292822,-40.462326,-9.686592,1.496651,0,9.801532,1,127,,,,
-11.370419,-52.514198,-10.415611,-37.544617,-1.244268,-38.942719,-9.171343,1.398102,0,9.277296,-1,57,,,,
-11.491012,-51.127979,-10.193224,-36.184227,-1.200516,-37.573383,-8.992708,1.389156,0,9.099371,-1,61,,,,
-11.316972,-49.643833,-9.373331,-34.77029,-1.150027,-35.993195,-8.223304,1.222904,0,8.313737,-1,69,,,,
-11.401399,-48.11478,-9.53358,-33.231525,-1.104055,-34.554371,-8.429525,1.322845,0,8.532691,-1,67,,,,
-11.293426,-46.622131,-9.311898,-31.75359,-1.056753,-33.073936,-8.255145,1.320347,0,8.360068,-1,69,,,,
-11.128703,-45.063858,-9.185068,-30.190315,-1.007759,-31.540531,-8.177309,1.350216,0,8.288032,-1,71,,,,
-10.975788,-43.504265,-9.070052,-28.625818,-0.958954,-30.01306,-8.111097,1.387241,0,8.228872,-1,71,,,,
-10.864395,-41.964516,-9.224309,-27.054447,-0.912821,-28.569176,-8.311488,1.514729,0,8.448386,-1,69,,,,
-10.653425,-40.412159,-9.051331,-25.497961,-0.864059,-27.043039,-8.187272,1.545078,0,8.331788,-1,69,,,,
-10.49859,-38.816689,-8.972514,-23.89452,-0.815095,-25.510582,-8.157419,1.616062,0,8.315957,-1,69,,,,
-10.3665,-37.194557,-8.99258,-22.25761,-0.766617,-23.993334,-8.225964,1.735723,0,8.407093,-1,69,,,,
-10.304931,-35.579197,-9.197619,-20.620125,-0.721041,-22.566919,-8.476579,1.946795,0,8.697264,-1,65,,,,
-10.148065,-33.934891,-9.116995,-18.970369,-0.672149,-21.036699,-8.444846,2.06633,0,8.693973,-1,65,,,,
-10.07187,-32.274555,-9.231514,-17.298115,-0.626158,-19.597284,-8.605356,2.29917,0,8.907207,-1,63,,,,
-9.974232,-30.698494,-9.210202,-15.717965,-0.581779,-18.208344,-8.628423,2.490378,0,8.980627,-1,61,,,,
-9.987776,-29.044819,-9.452837,-14.05436,-0.5409,-16.928928,-8.911937,2.874568,0,9.364067,-1,57,,,,
-9.948762,-27.345306,-9.643039,-12.348422,-0.500342,-15.659546,-9.142696,3.311124,0,9.723807,1,127,,,,
-9.801579,-25.684158,-9.610497,-10.685375,-0.458952,-14.364131,-9.151545,3.678756,0,9.863266,1,127,,,,
-9.706325,-24.118568,-9.553455,-9.119348,-0.421772,-13.200497,-9.131683,4.081149,0,10.002171,1,127,,,,
-9.686523,-22.467125,-9.610082,-7.467319,-0.388656,-12.164024,-9.221426,4.696705,0,10.34861,1,127,,,,
-9.68346,-20.827797,-9.568805,-5.828235,-0.3578,-11.198318,-9.211004,5.370084,0,10.662101,1,127,,,,
-9.670682,-19.237015,-9.517813,-4.237794,-0.332718,-10.413306,-9.185095,6.175512,0,11.068104,1,127,,,,
-9.600147,-17.610451,-9.218002,-2.615319,-0.305995,-9.576943,-8.912007,6.961624,0,11.308762,1,127,,,,
-9.444111,-16.097054,-9.266708,-12.003842,-0.48428,-15.156834,-8.782429,3.152991,0,9.33126,-1,57,,,,
-9.335478,-14.460854,-9.064267,-10.372787,-0.43991,-13.768156,-8.624357,3.39537,0,9.268661,-1,57,,,,
-9.3863,-12.947563,-9.094266,-8.860931,-0.405488,-12.690837,-8.688778,3.829906,0,9.495422,-1,49,,,,
-9.36394,-11.425644,-9.019865,-7.343064,-0.371433,-11.624999,-8.648432,4.281935,0,9.650406,-1,38,,,,
,,,,,,,,,,,,,Done lf,-9.36394,-11.425644
-9.238479,-9.851868,-9.019865,-7.343064,-0.371433,-11.624999,-8.648432,4.281935,0,9.650406,-1,38,,,,
-9.238479,-9.851868,-9.019865,-7.343064,-0.371433,-11.624999,-8.648432,4.281935,0,9.650406,-1,38,,,,
-9.238479,-9.851868,-9.019865,-7.343064,-0.371433,-11.624999,-8.648432,4.281935,0,9.650406,-1,38,,,,
-9.238479,-9.851868,-9.019865,-7.343064,-0.371433,-11.624999,-8.648432,4.281935,0,9.650406,-1,38,,,,
-9.238479,-9.851868,-9.019865,-7.343064,-0.371433,-11.624999,-8.648432,4.281935,0,9.650406,-1,38,,,,
-9.238479,-9.851868,-9.019865,-7.343064,-0.371433,-11.624999,-8.648432,4.281935,0,9.650406,-1,38,,,,
-9.238479,-9.851868,-9.019865,-7.343064,-0.371433,-11.624999,-8.648432,4.281935,0,9.650406,-1,38,,,,
-9.238479,-9.851868,-9.019865,-7.343064,-0.371433,-11.624999,-8.648432,4.281935,0,9.650406,-1,38,,,,
-9.238479,-9.851868,-9.019865,-7.343064,-0.371433,-11.624999,-8.648432,4.281935,0,9.650406,-1,38,,,,
-9.238479,-9.851868,-9.019865,-7.343064,-0.371433,-11.624999,-8.648432,4.281935,0,9.650406,-1,38,,,,
-9.238479,-9.851868,-9.019865,-7.343064,-0.371433,-11.624999,-8.648432,4.281935,0,9.650406,-1,38,,,,
-9.238479,-9.851868,-9.019865,-7.343064,-0.371433,-11.624999,-8.648432,4.281935,0,9.650406,-1,38,,,,
-9.238479,-9.851868,-9.019865,-7.343064,-0.371433,-11.624999,-8.648432,4.281935,0,9.650406,-1,38,,,,
-9.238479,-9.851868,-9.019865,-7.343064,-0.371433,-11.624999,-8.648432,4.281935,0,9.650406,-1,38,,,,
-9.238479,-9.851868,-9.019865,-7.343064,-0.371433,-11.624999,-8.648432,4.281935,0,9.650406,-1,38,,,,
-9.238479,-9.851868,-9.019865,-7.343064,-0.371433,-11.624999,-8.648432,4.281935,0,9.650406,-1,38,,,,
-9.238479,-9.851868,-9.019865,-7.343064,-0.371433,-11.624999,-8.648432,4.281935,0,9.650406,-1,38,,,,
-9.238479,-9.851868,-9.019865,-7.343064,-0.371433,-11.624999,-8.648432,4.281935,0,9.650406,-1,38,,,,
-9.238479,-9.851868,-9.019865,-7.343064,-0.371433,-11.624999,-8.648432,4.281935,0,9.650406,-1,38,,,,
-9.238479,-9.851868,-9.019865,-7.343064,-0.371433,-11.624999,-8.648432,4.281935,0,9.650406,-1,38,,,,
-9.238479,-9.851868,-9.019865,-7.343064,-0.371433,-11.624999,-8.648432,4.281935,0,9.650406,-1,38,,,,
-9.238479,-9.851868,-9.019865,-7.343064,-0.371433,-11.624999,-8.648432,4.281935,0,9.650406,-1,38,,,,
-9.238479,-9.851868,-9.019865,-7.343064,-0.371433,-11.624999,-8.648432,4.281935,0,9.650406,-1,38,,,,
-9.238479,-9.851868,-9.019865,-7.343064,-0.371433,-11.624999,-8.648432,4.281935,0,9.650406,-1,38,,,,
-9.238479,-9.851868,-9.019865,-7.343064,-0.371433,-11.624999,-8.648432,4.281935,0,9.650406,-1,38,,,,
-9.238479,-9.851868,-9.019865,-7.343064,-0.371433,-11.624999,-8.648432,4.281935,0,9.650406,-1,38,,,,
-9.238479,-9.851868,-9.019865,-7.343064,-0.371433,-11.624999,-8.648432,4.281935,0,9.650406,-1,38,,,,
-9.238479,-9.851868,-9.019865,-7.343064,-0.371433,-11.624999,-8.648432,4.281935,0,9.650406,-1,38,,,,
-9.238479,-9.851868,-9.019865,-7.343064,-0.371433,-11.624999,-8.648432,4.281935,0,9.650406,-1,38,,,,
-9.238479,-9.851868,-9.019865,-7.343064,-0.371433,-11.624999,-8.648432,4.281935,0,9.650406,-1,38,,,,
-9.238479,-9.851868,-9.019865,-7.343064,-0.371433,-11.624999,-8.648432,4.281935,0,9.650406,-1,38,,,,
-9.238479,-9.851868,-9.019865,-7.343064,-0.371433,-11.624999,-8.648432,4.281935,0,9.650406,-1,38,,,,
-9.238479,-9.851868,-9.019865,-7.343064,-0.371433,-11.624999,-8.648432,4.281935,0,9.650406,-1,38,,,,
-9.238479,-9.851868,-9.019865,-7.343064,-0.371433,-11.624999,-8.648432,4.281935,0,9.650406,-1,38,,,,
Vel y | a: 0.000018 | 0.000000,,,,,,,,,,,,,,,
Applying harsh stop: 0 0,,,,,,,,,,,,,,,
18240 After harsh stop:(-8.735253, 85.927643),,,,,,,,,,,,,,
"18241""drive""State:0", TO:0 velS:-1.000000,-1,-1,,,,,,,,,,,,
4,0,6.284229,1,90,52,,,,,,,,,,
-6.150483,-8.990685,-6.089674,-6.891119,-0.242243,-9.193093,-5.847431,2.301974,0,6.284229,1,90,52,,,
-6.150483,-8.990685,-6.089674,-6.891119,-0.242243,-9.193093,-5.847431,2.301974,0,6.284229,1,90,52,,,
-6.150483,-8.990685,-6.089674,-6.891119,-0.242243,-9.193093,-5.847431,2.301974,0,6.284229,1,90,52,,,
-6.150483,-8.990685,-6.089674,-6.891119,-0.242243,-9.193093,-5.847431,2.301974,0,6.284229,1,90,52,,,
-6.150483,-8.990685,-6.089674,-6.891119,-0.242243,-9.193093,-5.847431,2.301974,0,6.284229,1,90,52,,,
-6.150483,-8.990685,-6.089674,-6.891119,-0.242243,-9.193093,-5.847431,2.301974,0,6.284229,1,90,52,,,
-6.150483,-8.990685,-6.089674,-6.891119,-0.242243,-9.193093,-5.847431,2.301974,0,6.284229,1,90,52,,,
-6.150483,-8.990685,-6.089674,-6.891119,-0.242243,-9.193093,-5.847431,2.301974,0,6.284229,1,90,52,,,
-6.150483,-8.990685,-6.089674,-6.891119,-0.242243,-9.193093,-5.847431,2.301974,0,6.284229,1,90,52,,,
-6.150483,-8.990685,-6.089674,-6.891119,-0.242243,-9.193093,-5.847431,2.301974,0,6.284229,1,90,52,,,
-6.150483,-8.990685,-6.089674,-6.891119,-0.242243,-9.193093,-5.847431,2.301974,0,6.284229,1,90,52,,,
-6.150483,-8.990685,-6.089674,-6.891119,-0.242243,-9.193093,-5.847431,2.301974,0,6.284229,1,90,52,,,
-6.150483,-8.990685,-6.089674,-6.891119,-0.242243,-9.193093,-5.847431,2.301974,0,6.284229,1,90,52,,,
-6.150483,-8.990685,-6.089674,-6.891119,-0.242243,-9.193093,-5.847431,2.301974,0,6.284229,1,90,52,,,
-6.150483,-8.990685,-6.089674,-6.891119,-0.242243,-9.193093,-5.847431,2.301974,0,6.284229,1,90,52,,,
-6.150483,-8.990685,-6.089674,-6.891119,-0.242243,-9.193093,-5.847431,2.301974,0,6.284229,1,90,52,,,
-6.150483,-8.990685,-6.089674,-6.891119,-0.242243,-9.193093,-5.847431,2.301974,0,6.284229,1,90,52,,,
-6.150483,-8.990685,-6.089674,-6.891119,-0.242243,-9.193093,-5.847431,2.301974,0,6.284229,1,90,52,,,
-6.150483,-8.990685,-6.089674,-6.891119,-0.242243,-9.193093,-5.847431,2.301974,0,6.284229,1,90,52,,,
-6.150483,-8.990685,-6.089674,-6.891119,-0.242243,-9.193093,-5.847431,2.301974,0,6.284229,1,90,52,,,
-6.150483,-8.990685,-6.089674,-6.891119,-0.242243,-9.193093,-5.847431,2.301974,0,6.284229,1,90,52,,,
-6.150483,-8.990685,-6.089674,-6.891119,-0.242243,-9.193093,-5.847431,2.301974,0,6.284229,1,90,52,,,
-6.150483,-8.990685,-6.089674,-6.891119,-0.242243,-9.193093,-5.847431,2.301974,0,6.284229,1,90,52,,,
-6.150483,-8.990685,-6.089674,-6.891119,-0.242243,-9.193093,-5.847431,2.301974,0,6.284229,1,90,52,,,
-6.150483,-8.990685,-6.089674,-6.891119,-0.242243,-9.193093,-5.847431,2.301974,0,6.284229,1,90,52,,,
-6.150483,-8.990685,-6.089674,-6.891119,-0.242243,-9.193093,-5.847431,2.301974,0,6.284229,1,90,52,,,
-6.150483,-8.990685,-6.089674,-6.891119,-0.242243,-9.193093,-5.847431,2.301974,0,6.284229,1,90,52,,,
-6.150483,-8.990685,-6.089674,-6.891119,-0.242243,-9.193093,-5.847431,2.301974,0,6.284229,1,90,52,,,
-6.150483,-8.990685,-6.089674,-6.891119,-0.242243,-9.193093,-5.847431,2.301974,0,6.284229,1,90,52,,,
Vel y | a: -0.279004 | -0.059248,,,,,,,,,,,,,,,
Applying harsh stop: 0 0,,,,,,,,,,,,,,,
21071 After harsh stop:(-5.966924, 87.338058),,,,,,,,,,,,,,
"21072""drive""State:0", TO:0 velS:-1.000000,-1,-1,,,,,,,,,,,,
"64193""drive""State:3", TO:67193 velS:0.200000,-1,-1,,,,,,,,,,,,
(-6.279761,-0.938857)RobotPos0.377084, PosTo0.068945,,,,,,,,,,,,,
Front facing target (0.000000, 90.000000),,,,,,,,,,,,,,
64203Start FollowLine to (-6.279761,-90.938858),a:-3.072647. Offset:35.000000. softExit:12.000000,,,,,,,,,,,,,
-6.279761,-90.938858,6.607626,-58.397881,-4.048742,-58.630886,10.656368,0.233006,0,10.658916,-1,35,127,,,
-6.279761,-90.938858,6.607626,-58.397881,-4.048742,-58.630886,10.656368,0.233006,0,10.658916,-1,35,127,,,
-6.241029,-90.875931,6.48037,-58.269703,-4.03899,-58.489658,10.51936,0.219955,0,10.521659,-1,37,127,,,
-6.190689,-90.479317,5.863504,-57.620583,-3.990023,-57.780552,9.853527,0.159969,0,9.854825,-1,49,127,,,
-6.102166,-89.957275,4.85726,-56.717373,-3.921602,-56.789738,8.778862,0.072365,0,8.77916,-1,65,127,,,
-6.055189,-89.158646,3.540454,-55.499714,-3.831187,-55.480404,7.37164,-0.01931,0,7.371665,-1,79,127,,,
-5.914222,-88.253014,2.734432,-54.338402,-3.748148,-54.277897,6.48258,-0.060505,0,6.482862,-1,87,127,,,
-5.834245,-87.198456,1.773611,-53.035309,-3.655683,-52.938885,5.429294,-0.096424,0,5.43015,-1,95,127,,,
-5.624732,-86.01355,1.547303,-51.75626,-3.567119,-51.656368,5.114421,-0.099892,0,5.115397,-1,97,127,,,
-5.361222,-84.741318,1.373827,-50.395443,-3.473068,-50.294392,4.846895,-0.101051,0,4.847949,-1,99,127,,,
-5.057778,-83.41478,1.677272,-49.068905,-3.382366,-48.980915,5.059638,-0.08799,0,5.060403,-1,97,127,,,
-4.820617,-82.025787,1.564055,-47.613056,-3.281867,-47.525562,4.845922,-0.087494,0,4.846712,-1,99,127,,,
-4.529418,-80.498993,1.855253,-46.086262,-3.177487,-46.014008,5.03274,-0.072254,0,5.033258,-1,97,127,,,
-4.211014,-78.866096,2.261314,-44.469746,-3.067511,-44.421417,5.328825,-0.048328,0,5.329044,-1,97,127,,,
-3.923748,-77.313858,2.548581,-42.917507,-2.961826,-42.890968,5.510407,-0.026539,0,5.510471,-1,95,127,,,
-3.686176,-75.715393,2.523055,-41.270576,-2.848468,-41.249397,5.371522,-0.021179,0,5.371564,-1,95,127,,,
-3.306937,-74.192825,3.340582,-39.829903,-2.753544,-39.874786,6.094127,0.044884,0,6.094292,-1,91,127,,,
-2.972224,-72.390106,3.762829,-38.044231,-2.633682,-38.139038,6.396511,0.094807,0,6.397214,-1,89,127,,,
-2.63556,-70.699142,4.274415,-36.388035,-2.524034,-36.551186,6.79845,0.163151,0,6.800407,-1,85,127,,,
-2.319159,-69.040779,4.328363,-34.677856,-2.407519,-34.863911,6.735883,0.186054,0,6.738451,-1,85,127,,,
-2.067436,-67.41964,4.492505,-33.03989,-2.297086,-33.264706,6.789592,0.224815,0,6.793313,-1,85,127,,,
-1.674669,-65.764275,5.235313,-31.453167,-2.196642,-31.810139,7.431955,0.356972,0,7.440523,-1,79,127,,,
-1.306304,-64.029823,5.603671,-29.718716,-2.083421,-30.170557,7.687092,0.451841,0,7.70036,-1,77,127,,,
-1.025421,-62.290531,5.622101,-27.927608,-1.96255,-28.4202,7.584651,0.492592,0,7.60063,-1,77,127,,,
-0.73501,-60.615192,5.737316,-26.218842,-1.848974,-26.775469,7.58629,0.556627,0,7.606683,-1,77,127,,,
-0.35844,-58.956245,6.289076,-24.593319,-1.748771,-25.324408,8.037848,0.731089,0,8.071028,-1,73,127,,,
-0.059704,-57.29488,6.500245,-22.915131,-1.640925,-23.762655,8.14117,0.847525,0,8.185166,-1,71,127,,,
0.225262,-55.643288,6.609922,-21.230556,-1.531835,-22.182901,8.141758,0.952345,0,8.197267,-1,71,127,,,
0.58588,-53.894787,7.233409,-19.531864,-1.434873,-20.778765,8.668283,1.246901,0,8.757504,-1,65,127,,,
0.789911,-52.240707,6.823544,-17.764698,-1.310998,-18.984903,8.134542,1.220205,0,8.22555,-1,71,127,,,
1.090792,-50.604397,7.036572,-16.113125,-1.211275,-17.540779,8.247846,1.427654,0,8.370493,-1,69,127,,,
1.446467,-48.96563,7.743435,-14.536743,-1.134665,-16.431377,8.8781,1.894634,0,9.078012,-1,61,127,,,
1.736135,-47.302597,7.769768,-12.826588,-1.03311,-14.960726,8.802877,2.134138,0,9.05788,-1,61,127,,,
1.97452,-45.643478,7.656484,-11.107769,-0.929397,-13.458845,8.585881,2.351076,0,8.901961,-1,63,127,,,
2.233594,-43.963223,7.739501,-9.399006,-0.838774,-12.146507,8.578276,2.747501,0,9.007529,-1,61,127,,,
2.439198,-42.348625,7.592565,-7.730091,-0.746444,-10.809449,8.339009,3.079358,0,8.889405,-1,63,127,,,
2.717163,-40.769211,7.870515,-6.150677,-0.688135,-9.965055,8.55865,3.814378,0,9.370164,-1,57,127,,,
2.860337,-39.084869,7.395486,-4.379932,-0.592128,-8.574754,7.987614,4.194821,0,9.022112,-1,61,127,,,
3.112529,-37.378952,7.647678,-2.674015,-0.558131,-8.082438,8.205809,5.408423,0,9.827835,-1,49,127,,,
3.327393,-35.741409,6.283711,-12.184782,-0.944466,-13.677059,7.228178,1.492277,0,7.380612,-1,79,127,,,
3.436819,-34.103798,5.972542,-10.498192,-0.832077,-12.04952,6.804619,1.551329,0,6.979217,-1,83,127,,,
3.569633,-32.567043,5.804453,-8.931051,-0.733792,-10.626237,6.538245,1.695186,0,6.754428,-1,85,127,,,
3.787667,-30.965412,5.841754,-7.313028,-0.644806,-9.337596,6.48656,2.024568,0,6.79517,-1,85,127,,,
4.096376,-29.236118,6.150463,-5.583735,-0.572275,-8.287267,6.722738,2.703532,0,7.245985,-1,81,127,,,
4.175856,-27.58456,5.988789,-3.912472,-0.492812,-7.136537,6.481601,3.224065,0,7.239181,-1,81,127,,,
4.285947,-25.973282,5.917893,-2.288029,-0.437098,-6.32973,6.354991,4.041701,0,7.531353,1,127,79,,,
4.403363,-24.289398,5.216869,-12.026955,-0.903134,-13.078521,6.120003,1.051566,0,6.209689,1,127,89,,,
4.521054,-22.581291,5.303317,-10.316815,-0.799138,-11.57252,6.102454,1.255705,0,6.230309,1,127,89,,,
4.631426,-20.909187,5.413698,-8.644711,-0.702682,-10.175726,6.116381,1.531014,0,6.305087,1,127,89,,,
4.775322,-19.239304,5.620076,-6.978973,-0.617298,-8.939255,6.237374,1.960281,0,6.53816,1,127,87,,,
4.823323,-17.672646,5.574337,-5.406217,-0.534959,-7.746885,6.109296,2.340669,0,6.542341,1,127,87,,,
4.989769,-15.894676,5.834522,-3.634346,-0.473546,-6.857541,6.308068,3.223195,0,7.083834,1,126,82,,,
5.098602,-14.246689,5.253036,-12.005314,-0.902763,-13.07314,6.155798,1.067826,0,6.247728,1,113,75,,,
5.23253,-12.503212,5.398382,-10.262653,-0.798849,-11.568336,6.19723,1.305683,0,6.333282,-1,63,101,,,
5.291576,-10.85186,5.44601,-8.610485,-0.701873,-10.163998,6.147882,1.553513,0,6.341125,1,90,52,,,
,,,,,,,,,,,,,Done lf,5.291576,-10.85186
5.461041,-9.159668,5.44601,-8.610485,-0.701873,-10.163998,6.147882,1.553513,0,6.341125,1,90,52,,,
5.461041,-9.159668,5.44601,-8.610485,-0.701873,-10.163998,6.147882,1.553513,0,6.341125,1,90,52,,,
5.461041,-9.159668,5.44601,-8.610485,-0.701873,-10.163998,6.147882,1.553513,0,6.341125,1,90,52,,,
5.461041,-9.159668,5.44601,-8.610485,-0.701873,-10.163998,6.147882,1.553513,0,6.341125,1,90,52,,,
5.461041,-9.159668,5.44601,-8.610485,-0.701873,-10.163998,6.147882,1.553513,0,6.341125,1,90,52,,,
5.461041,-9.159668,5.44601,-8.610485,-0.701873,-10.163998,6.147882,1.553513,0,6.341125,1,90,52,,,
5.461041,-9.159668,5.44601,-8.610485,-0.701873,-10.163998,6.147882,1.553513,0,6.341125,1,90,52,,,
5.461041,-9.159668,5.44601,-8.610485,-0.701873,-10.163998,6.147882,1.553513,0,6.341125,1,90,52,,,
5.461041,-9.159668,5.44601,-8.610485,-0.701873,-10.163998,6.147882,1.553513,0,6.341125,1,90,52,,,
5.461041,-9.159668,5.44601,-8.610485,-0.701873,-10.163998,6.147882,1.553513,0,6.341125,1,90,52,,,
5.461041,-9.159668,5.44601,-8.610485,-0.701873,-10.163998,6.147882,1.553513,0,6.341125,1,90,52,,,
5.461041,-9.159668,5.44601,-8.610485,-0.701873,-10.163998,6.147882,1.553513,0,6.341125,1,90,52,,,
5.461041,-9.159668,5.44601,-8.610485,-0.701873,-10.163998,6.147882,1.553513,0,6.341125,1,90,52,,,
5.461041,-9.159668,5.44601,-8.610485,-0.701873,-10.163998,6.147882,1.553513,0,6.341125,1,90,52,,,
5.461041,-9.159668,5.44601,-8.610485,-0.701873,-10.163998,6.147882,1.553513,0,6.341125,1,90,52,,,
5.461041,-9.159668,5.44601,-8.610485,-0.701873,-10.163998,6.147882,1.553513,0,6.341125,1,90,52,,,
5.461041,-9.159668,5.44601,-8.610485,-0.701873,-10.163998,6.147882,1.553513,0,6.341125,1,90,52,,,
5.461041,-9.159668,5.44601,-8.610485,-0.701873,-10.163998,6.147882,1.553513,0,6.341125,1,90,52,,,
5.461041,-9.159668,5.44601,-8.610485,-0.701873,-10.163998,6.147882,1.553513,0,6.341125,1,90,52,,,
5.461041,-9.159668,5.44601,-8.610485,-0.701873,-10.163998,6.147882,1.553513,0,6.341125,1,90,52,,,
5.461041,-9.159668,5.44601,-8.610485,-0.701873,-10.163998,6.147882,1.553513,0,6.341125,1,90,52,,,
5.461041,-9.159668,5.44601,-8.610485,-0.701873,-10.163998,6.147882,1.553513,0,6.341125,1,90,52,,,
5.461041,-9.159668,5.44601,-8.610485,-0.701873,-10.163998,6.147882,1.553513,0,6.341125,1,90,52,,,
5.461041,-9.159668,5.44601,-8.610485,-0.701873,-10.163998,6.147882,1.553513,0,6.341125,1,90,52,,,
5.461041,-9.159668,5.44601,-8.610485,-0.701873,-10.163998,6.147882,1.553513,0,6.341125,1,90,52,,,
5.461041,-9.159668,5.44601,-8.610485,-0.701873,-10.163998,6.147882,1.553513,0,6.341125,1,90,52,,,
5.461041,-9.159668,5.44601,-8.610485,-0.701873,-10.163998,6.147882,1.553513,0,6.341125,1,90,52,,,
5.461041,-9.159668,5.44601,-8.610485,-0.701873,-10.163998,6.147882,1.553513,0,6.341125,1,90,52,,,
5.461041,-9.159668,5.44601,-8.610485,-0.701873,-10.163998,6.147882,1.553513,0,6.341125,1,90,52,,,
5.461041,-9.159668,5.44601,-8.610485,-0.701873,-10.163998,6.147882,1.553513,0,6.341125,1,90,52,,,
5.461041,-9.159668,5.44601,-8.610485,-0.701873,-10.163998,6.147882,1.553513,0,6.341125,1,90,52,,,
5.461041,-9.159668,5.44601,-8.610485,-0.701873,-10.163998,6.147882,1.553513,0,6.341125,1,90,52,,,
5.461041,-9.159668,5.44601,-8.610485,-0.701873,-10.163998,6.147882,1.553513,0,6.341125,1,90,52,,,
5.461041,-9.159668,5.44601,-8.610485,-0.701873,-10.163998,6.147882,1.553513,0,6.341125,1,90,52,,,
5.461041,-9.159668,5.44601,-8.610485,-0.701873,-10.163998,6.147882,1.553513,0,6.341125,1,90,52,,,
Vel y | a: 0.282845 | -0.059248,,,,,,,,,,,,,,,
Applying harsh stop: 0 0,,,,,,,,,,,,,,,
67042 After harsh stop:(5.878119, 87.031769),,,,,,,,,,,,,,
"67043""drive""State:0", TO:0 velS:-1.000000,-1,-1,,,,,,,,,,,,
"107167""drive""State:3", TO:110167 velS:0.200000,-1,-1,,,,,,,,,,,,
(-6.040003,0.206261)RobotPos0.652254, PosTo0.067164,,,,,,,,,,,,,
Front facing target (0.000000, 90.000000),,,,,,,,,,,,,,
107177Start FollowLine to (-6.040003,-89.793739),a:-3.074429. Offset:35.000000. softExit:12.000000,,,,,,,,,,,,,
-6.040003,-89.793739,15.204262,-61.978615,-4.282941,-63.672401,19.487202,1.693787,0,19.560675,-1,5,127,,,
-6.059304,-89.778999,15.184961,-61.963875,-4.281672,-63.65353,19.466633,1.689655,0,19.539825,-1,5,127,,,
-6.049853,-89.679733,14.694976,-61.490158,-4.243035,-63.079144,18.938011,1.588985,0,19.004555,-1,5,127,,,
-5.991659,-89.407768,13.808258,-60.546665,-4.16784,-61.961243,17.976097,1.414577,0,18.03167,-1,5,127,,,
-5.87881,-88.959053,12.577135,-59.220558,-4.06315,-60.404881,16.640285,1.184322,0,16.682377,-1,5,127,,,
-5.701495,-88.528023,11.215757,-57.888073,-3.957326,-58.831638,15.173083,0.943565,0,15.202394,-1,5,127,,,
-5.658793,-87.91082,8.788174,-56.031593,-3.806455,-56.588715,12.594629,0.557121,0,12.606945,-1,5,127,,,
-5.555969,-87.283676,6.33063,-54.363945,-3.673215,-54.607899,10.003845,0.243954,0,10.00682,-1,47,127,,,
-5.505759,-86.563736,3.48808,-52.739029,-3.54724,-52.735085,7.035319,-0.003944,0,7.035321,-1,83,127,,,
-5.428587,-85.847504,0.692863,-51.386978,-3.449079,-51.275776,4.141942,-0.111202,0,4.143435,-1,103,127,,,
-5.323251,-84.929268,-1.142023,-50.179916,-3.368627,-50.079742,2.226604,-0.100174,0,2.228857,-1,111,127,,,
-5.183279,-83.96669,-2.24396,-49.090332,-3.298069,-49.030792,1.054109,-0.05954,0,1.055789,-1,127,127,,,
-5.089359,-82.731903,-2.861485,-47.802879,-3.213966,-47.780476,0.352482,-0.022404,0,0.353193,1,127,127,,,
-5.045944,-81.384491,-3.44135,-46.421291,-3.12405,-46.443726,-0.317301,0.022434,0,0.318093,1,127,127,,,
-4.947299,-79.930161,-3.520889,-44.95924,-3.026615,-44.995216,-0.494274,0.035976,0,0.495581,1,127,127,,,
-4.910414,-78.473198,-3.662223,-43.495461,-2.929466,-43.550949,-0.732757,0.055489,0,0.734855,1,127,127,,,
-4.914352,-76.978722,-3.933555,-41.992466,-2.830603,-42.081203,-1.102952,0.088737,0,1.106516,1,127,127,,,
-4.884435,-75.461113,-3.992778,-40.472473,-2.72944,-40.577255,-1.263338,0.104782,0,1.267676,1,127,127,,,
-4.846879,-73.737236,-3.776942,-38.753593,-2.613217,-38.849419,-1.163725,0.095825,0,1.167664,1,127,127,,,
-4.839659,-72.109627,-3.948002,-37.120987,-2.505374,-37.246174,-1.442628,0.125187,0,1.44805,1,127,127,,,
-4.842057,-70.506012,-3.9504,-35.517372,-2.398398,-35.655815,-1.552002,0.138443,0,1.558164,1,127,113,,,
-4.77728,-68.831253,-3.707342,-33.84761,-2.285221,-33.973267,-1.422121,0.125656,0,1.427662,1,127,127,,,
-4.659652,-67.122452,-3.144152,-32.155277,-2.168349,-32.235786,-0.975803,0.080509,0,0.979119,1,127,127,,,
-4.655813,-65.457741,-3.407622,-30.480003,-2.058367,-30.600744,-1.349255,0.120741,0,1.354647,1,127,127,,,
-4.737607,-63.79068,-3.935107,-28.799881,-1.950823,-29.00194,-1.984284,0.202059,0,1.994545,1,127,111,,,
-4.609656,-62.044998,-3.450589,-27.064194,-1.831079,-27.221762,-1.61951,0.157568,0,1.627157,1,127,113,,,
-4.522318,-60.347023,-3.18502,-25.372581,-1.71621,-25.514051,-1.46881,0.14147,0,1.475608,1,127,127,,,
-4.463736,-58.563087,-3.037332,-23.592167,-1.596424,-23.733252,-1.440909,0.141085,0,1.447799,1,127,127,,,
-4.421099,-56.839104,-2.994688,-21.868183,-1.48135,-22.022514,-1.513338,0.154331,0,1.521187,1,127,113,,,
-4.395293,-55.090603,-3.325356,-20.10696,-1.367781,-20.334135,-1.957574,0.227175,0,1.970712,1,127,111,,,
-4.294346,-53.283649,-2.957048,-18.309208,-1.24472,-18.504644,-1.712328,0.195436,0,1.723445,1,127,113,,,
-4.168867,-51.526627,-2.564273,-16.563427,-1.124874,-16.722956,-1.439399,0.159529,0,1.448212,1,127,127,,,
-4.075386,-49.841305,-2.381709,-14.882309,-1.011515,-15.037703,-1.370193,0.155394,0,1.378977,1,127,127,,,
-3.999888,-48.106483,-2.217152,-13.151917,-0.895127,-13.30742,-1.322025,0.155503,0,1.331139,1,127,127,,,
-3.956892,-46.369991,-2.263215,-11.410995,-0.780751,-11.60704,-1.482464,0.196045,0,1.495371,1,127,127,,,
-3.878652,-44.599072,-2.363138,-9.631897,-0.665603,-9.895192,-1.697535,0.263295,0,1.717833,1,127,113,,,
-3.717464,-42.819786,-1.934729,-7.865219,-0.543599,-8.08142,-1.39113,0.216201,0,1.40783,1,127,127,,,
-3.594542,-41.075291,-1.633711,-6.13026,-0.425783,-6.329914,-1.207928,0.199654,0,1.224317,1,127,127,,,
-3.547673,-39.302334,-1.586842,-4.357304,-0.311223,-4.626802,-1.275619,0.269499,0,1.303777,1,127,127,,,
-3.484462,-37.530293,-1.701727,-2.575726,-0.207187,-3.080148,-1.49454,0.504422,0,1.577368,1,127,113,,,
-3.367777,-35.797581,-2.095085,-12.034056,-0.819797,-12.187527,-1.275288,0.153471,0,1.284489,1,127,127,,,
-3.281122,-34.039013,-2.068986,-10.272324,-0.703258,-10.454988,-1.365728,0.182664,0,1.37789,1,127,127,,,
-3.051416,-32.215916,-1.415609,-8.474623,-0.576643,-8.57267,-0.838966,0.098047,0,0.844676,-1,127,127,,,
-2.877441,-30.487541,-1.06022,-6.759445,-0.459197,-6.826661,-0.601022,0.067216,0,0.604769,-1,127,127,,,
-2.825627,-28.738201,-1.25032,-4.992817,-0.345433,-5.135386,-0.904887,0.14257,0,0.916049,1,127,127,,,
-2.594963,-26.904423,-0.536016,-3.196077,-0.217496,-3.233407,-0.31852,0.037329,0,0.3207,-1,127,127,,,
-2.513924,-25.143402,-1.476894,-12.040976,-0.814169,-12.103861,-0.662725,0.062885,0,0.665702,-1,127,127,,,
-2.376723,-23.412285,-1.373076,-10.307259,-0.697868,-10.374868,-0.675208,0.06761,0,0.678585,-1,127,127,,,
-2.202027,-21.684235,-1.164987,-8.581809,-0.581239,-8.640995,-0.583748,0.059186,0,0.586741,-1,127,127,,,
-2.05361,-19.954132,-0.983192,-6.854391,-0.464731,-6.908934,-0.518461,0.054543,0,0.521322,-1,127,127,,,
-1.960366,-18.195358,-0.99011,-5.087817,-0.347867,-5.171576,-0.642242,0.083758,0,0.647681,-1,120,120,,,
-1.807605,-16.331589,-0.837339,-3.224049,-0.223556,-3.323499,-0.613783,0.099451,0,0.621787,-1,107,107,,,
-1.590697,-14.64344,-1.3687,-12.009338,-0.811208,-12.05983,-0.557492,0.050491,0,0.559774,-1,96,96,,,
-1.383648,-12.845375,-1.141523,-10.213047,-0.689703,-10.253473,-0.451821,0.040426,0,0.453626,-1,84,84,,,
-1.239029,-11.151512,-0.996904,-8.519184,-0.575655,-8.557976,-0.42125,0.038792,0,0.423032,-1,73,73,,,
,,,,,,,,,,,,,Done lf,-1.239029,-11.151512
-1.050671,-9.424934,-0.996904,-8.519184,-0.575655,-8.557976,-0.42125,0.038792,0,0.423032,-1,73,73,,,
-1.050671,-9.424934,-0.996904,-8.519184,-0.575655,-8.557976,-0.42125,0.038792,0,0.423032,-1,73,73,,,
-1.050671,-9.424934,-0.996904,-8.519184,-0.575655,-8.557976,-0.42125,0.038792,0,0.423032,-1,73,73,,,
-1.050671,-9.424934,-0.996904,-8.519184,-0.575655,-8.557976,-0.42125,0.038792,0,0.423032,-1,73,73,,,
-1.050671,-9.424934,-0.996904,-8.519184,-0.575655,-8.557976,-0.42125,0.038792,0,0.423032,-1,73,73,,,
-1.050671,-9.424934,-0.996904,-8.519184,-0.575655,-8.557976,-0.42125,0.038792,0,0.423032,-1,73,73,,,
-1.050671,-9.424934,-0.996904,-8.519184,-0.575655,-8.557976,-0.42125,0.038792,0,0.423032,-1,73,73,,,
-1.050671,-9.424934,-0.996904,-8.519184,-0.575655,-8.557976,-0.42125,0.038792,0,0.423032,-1,73,73,,,
-1.050671,-9.424934,-0.996904,-8.519184,-0.575655,-8.557976,-0.42125,0.038792,0,0.423032,-1,73,73,,,
-1.050671,-9.424934,-0.996904,-8.519184,-0.575655,-8.557976,-0.42125,0.038792,0,0.423032,-1,73,73,,,
-1.050671,-9.424934,-0.996904,-8.519184,-0.575655,-8.557976,-0.42125,0.038792,0,0.423032,-1,73,73,,,
-1.050671,-9.424934,-0.996904,-8.519184,-0.575655,-8.557976,-0.42125,0.038792,0,0.423032,-1,73,73,,,
-1.050671,-9.424934,-0.996904,-8.519184,-0.575655,-8.557976,-0.42125,0.038792,0,0.423032,-1,73,73,,,
-1.050671,-9.424934,-0.996904,-8.519184,-0.575655,-8.557976,-0.42125,0.038792,0,0.423032,-1,73,73,,,
-1.050671,-9.424934,-0.996904,-8.519184,-0.575655,-8.557976,-0.42125,0.038792,0,0.423032,-1,73,73,,,
-1.050671,-9.424934,-0.996904,-8.519184,-0.575655,-8.557976,-0.42125,0.038792,0,0.423032,-1,73,73,,,
-1.050671,-9.424934,-0.996904,-8.519184,-0.575655,-8.557976,-0.42125,0.038792,0,0.423032,-1,73,73,,,
-1.050671,-9.424934,-0.996904,-8.519184,-0.575655,-8.557976,-0.42125,0.038792,0,0.423032,-1,73,73,,,
-1.050671,-9.424934,-0.996904,-8.519184,-0.575655,-8.557976,-0.42125,0.038792,0,0.423032,-1,73,73,,,
-1.050671,-9.424934,-0.996904,-8.519184,-0.575655,-8.557976,-0.42125,0.038792,0,0.423032,-1,73,73,,,
-1.050671,-9.424934,-0.996904,-8.519184,-0.575655,-8.557976,-0.42125,0.038792,0,0.423032,-1,73,73,,,
-1.050671,-9.424934,-0.996904,-8.519184,-0.575655,-8.557976,-0.42125,0.038792,0,0.423032,-1,73,73,,,
-1.050671,-9.424934,-0.996904,-8.519184,-0.575655,-8.557976,-0.42125,0.038792,0,0.423032,-1,73,73,,,
-1.050671,-9.424934,-0.996904,-8.519184,-0.575655,-8.557976,-0.42125,0.038792,0,0.423032,-1,73,73,,,
-1.050671,-9.424934,-0.996904,-8.519184,-0.575655,-8.557976,-0.42125,0.038792,0,0.423032,-1,73,73,,,
-1.050671,-9.424934,-0.996904,-8.519184,-0.575655,-8.557976,-0.42125,0.038792,0,0.423032,-1,73,73,,,
-1.050671,-9.424934,-0.996904,-8.519184,-0.575655,-8.557976,-0.42125,0.038792,0,0.423032,-1,73,73,,,
-1.050671,-9.424934,-0.996904,-8.519184,-0.575655,-8.557976,-0.42125,0.038792,0,0.423032,-1,73,73,,,
-1.050671,-9.424934,-0.996904,-8.519184,-0.575655,-8.557976,-0.42125,0.038792,0,0.423032,-1,73,73,,,
-1.050671,-9.424934,-0.996904,-8.519184,-0.575655,-8.557976,-0.42125,0.038792,0,0.423032,-1,73,73,,,
-1.050671,-9.424934,-0.996904,-8.519184,-0.575655,-8.557976,-0.42125,0.038792,0,0.423032,-1,73,73,,,
-1.050671,-9.424934,-0.996904,-8.519184,-0.575655,-8.557976,-0.42125,0.038792,0,0.423032,-1,73,73,,,
-1.050671,-9.424934,-0.996904,-8.519184,-0.575655,-8.557976,-0.42125,0.038792,0,0.423032,-1,73,73,,,
-1.050671,-9.424934,-0.996904,-8.519184,-0.575655,-8.557976,-0.42125,0.038792,0,0.423032,-1,73,73,,,
-1.050671,-9.424934,-0.996904,-8.519184,-0.575655,-8.557976,-0.42125,0.038792,0,0.423032,-1,73,73,,,
-1.050671,-9.424934,-0.996904,-8.519184,-0.575655,-8.557976,-0.42125,0.038792,0,0.423032,-1,73,73,,,
-1.050671,-9.424934,-0.996904,-8.519184,-0.575655,-8.557976,-0.42125,0.038792,0,0.423032,-1,73,73,,,
-1.050671,-9.424934,-0.996904,-8.519184,-0.575655,-8.557976,-0.42125,0.038792,0,0.423032,-1,73,73,,,
-1.050671,-9.424934,-0.996904,-8.519184,-0.575655,-8.557976,-0.42125,0.038792,0,0.423032,-1,73,73,,,
-1.050671,-9.424934,-0.996904,-8.519184,-0.575655,-8.557976,-0.42125,0.038792,0,0.423032,-1,73,73,,,
-1.050671,-9.424934,-0.996904,-8.519184,-0.575655,-8.557976,-0.42125,0.038792,0,0.423032,-1,73,73,,,
-1.050671,-9.424934,-0.996904,-8.519184,-0.575655,-8.557976,-0.42125,0.038792,0,0.423032,-1,73,73,,,
-1.050671,-9.424934,-0.996904,-8.519184,-0.575655,-8.557976,-0.42125,0.038792,0,0.423032,-1,73,73,,,
-1.050671,-9.424934,-0.996904,-8.519184,-0.575655,-8.557976,-0.42125,0.038792,0,0.423032,-1,73,73,,,
-1.050671,-9.424934,-0.996904,-8.519184,-0.575655,-8.557976,-0.42125,0.038792,0,0.423032,-1,73,73,,,
-1.050671,-9.424934,-0.996904,-8.519184,-0.575655,-8.557976,-0.42125,0.038792,0,0.423032,-1,73,73,,,
-1.050671,-9.424934,-0.996904,-8.519184,-0.575655,-8.557976,-0.42125,0.038792,0,0.423032,-1,73,73,,,
Vel y | a: 0.000000 | 0.000000,,,,,,,,,,,,,,,
Applying harsh stop: 0 0,,,,,,,,,,,,,,,
110150 After harsh stop:(-0.358706, 87.827461),,,,,,,,,,,,,,
"110150""drive""State:0", TO:0 velS:-1.000000,-1,-1,,,,,,,,,,,,
